Episódio;Título;Descrição
1ª palestra 2021;Tradução de musicais — Victor Mühlethaler;Nesta palestra, vou apresentar o método de tradução de musicais que desenvolvi ao longo de muitos anos. Vou explicar a diferença entre tradução e versão, a importância da rima e da prosódia, a melhor maneira de começar uma versão, a busca pelo título perfeito, como evitar pegadinhas e erros comuns, como solucionar trechos aparentemente impossíveis e o que uma versão para o palco exige. E vou ilustrar tudo isso com histórias que vivi na minha carreira, desde desafios que encontrei durante o processo de tradução até como lidar com as demandas da equipe e do elenco de um grande musical.
Aula prática;Aula prática de tradução/localização de texto de turismo e viagem — Sofia Pulici;A Sofia passará ponto a ponto do texto traduzido (enviado como exercício aos assinantes), falará de estilo e função do texto, além de discutir opções e entender como lidar com soluções com as agências.
Aula aberta;Aula aberta do curso avançado de tradução médica — TRADUSA;Nessa aula, os professores do TRADUSA, Luciana Bonancio e Gilson Mattos, discutirão discutirão o contexto do mercado da tradução médica e as principais dificuldades nas versões para o inglês. Dentre os tópicos, teremos a inserção no mercado da tradução a partir do conhecimento em áreas específicas, a importância das Author Guidelines para tradutores e da estilística do texto, perpassando por questões relacionadas a relacionadas a decalques estrutural e tipográfico, verbosidade, vagueza e ambiguidade, falta de paralelismo e voz ativa x voz passiva. Também veremos um exemplo prático de um texto da área da saúde que foge aos padrões conhecidos.
Aula aberta;Aula aberta do curso avançado de tradução médica — TRADUSA;O mercado da saúde movimenta bilhões anualmente. A tradução está fortemente presente na área, uma vez que textos traduzidos têm ampla circulação. O objetivo da palestra é apresentar as oportunidades no mercado de tradução da área da saúde e discutir caminhos para a atuação profissional com Patrícia Gimenez.
Babel;curso básico de CAT Tools;Um curso com seis horas de duração, divididas em três dias, e que é direcionado a quem realmente não conhece nada ou muito pouco dessas ferramentas. As vagas são muito limitadas para que os instrutores possa dar atenção a todos, então, se você já usa alguma, não perca seu tempo, será um curso muito enfadonho para você. Em breve, traremos um curso mais avançado para quem já usa CAT Tools e enviaremos um e-mail informando.
CULT-Estácio;Tradução de textos da área médica: uma receita de sucesso — Ana Julia Perrotti;Entrar no mercado de tradução de textos médicos é o sonho de muita gente. No momento, pelas circunstâncias em que vivemos, com grande produção de material vindo da indústria farmacêutica, da produção de vacinas, dos estudos clínicos e dos artigos científicos, a demanda por tradutores profissionais, capacitados e preparados, está super aquecida. Venha conhecer um pouco desse universo e saber por que investir tempo e estudo nessa área pode trazer o sucesso profissional que você tanto espera.
CULT-Estácio;Localização em marketing: mais do que apenas criatividade — Juliana Lima;A tradução nas áreas de marketing e comunicação exige do profissional mais do que boas ideias. É preciso ter uma visão ampla sobre as possibilidades e limites do texto e do conteúdo. Saiba por que o conhecimento especializado vale muito para quem quer trabalhar nessa área que vem crescendo bastante no mundo da tradução.
CULT-Estácio;A importância da especialização na tradução da área médica — Luciana Bonancio;Não tem descrição.
CULT-Estácio;Como se especializar em tradução audiovisual — César Alárcon;Não tem descrição.
CULT-Estácio;Como se especializar em tradução audiovisual;Não tem descrição.
CULT-Estácio;Localização em marketing: mais do que apenas criatividade — Juliana Lima;A tradução nas áreas de marketing e comunicação exige do profissional mais do que boas ideias. É preciso ter uma visão ampla sobre as possibilidades e limites do texto e do conteúdo. Saiba por que o conhecimento especializado vale muito para quem quer trabalhar nessa área que vem crescendo bastante no mundo da tradução.
CULT-Estácio;Tradução de textos da área médica: uma receita de sucesso;Entrar no mercado de tradução de textos médicos é o sonho de muita gente. No momento, pelas circunstâncias em que vivemos, com grande produção de material vindo da indústria farmacêutica, da produção de vacinas, dos estudos clínicos e dos artigos científicos, a demanda por tradutores profissionais, capacitados e preparados, está super aquecida. Venha conhecer um pouco desse universo e saber por que investir tempo e estudo nessa área pode trazer o sucesso profissional que você tanto espera.
CULT-São Camilo;A importância da especialização na tradução da área médica — Luciana Bonancio;Em uma profissão não regulamentada, a especialização é um tema controverso. Muitos afirmam que ela não é necessária, que nenhum cliente pede para ver diploma. Mas será que a especialização é só um pedaço de papel que custa caro? Nesta palestra vamos refletir sobre o que uma especialização pode acrescentar à carreira do tradutor e como tirar o máximo proveito desse período de estudos.
Curso SDL Studio;Parte 1;Curso básico da ferramenta SDL Studio
Curso SDL Studio;Parte 2;Curso básico da ferramenta SDL Studio
Curso SDL Studio;Intermediário;Curso intermediário da ferramenta SDL Studio
Dica;Pausa;Exercícios e pausa para descansar de horas excessivas de trabalho.
Dica;Celular;Exercícios para diminuir a sensação de peso no pescoço ou dores nos pulsos por uso excessivo do celular.
Dica;Monitor;Dicas de como posicionar o monitor de maneira correta.
Dica;Alongamento;Exercícios de alongamentos para o dia a dia.
Especial finanças;Como planejar uma boa aposentadoria — Isabela Fontanella;Como planejar uma boa aposentadoria sendo tradutor e com uma renda irregular ao longo do ano? Um dos melhores produtos disponíveis no mercado são as previdências privadas – que nos dão flexibilidade e garantem bons resultados financeiros. Neste bate-papo, vou te ensinar a escolher o melhor produto (e não cair na conversa do gerente), como planejar investimentos sem uma renda estável e, claro, esclarecer todas as dúvidas sobre esse assunto.
Especial finanças;Precisamos falar sobre investimentos — Isabela Fontanella;O mundo dos investimentos no Brasil vem crescendo exponencialmente com novas corretoras, novas regras e novas modalidades. Ao mesmo tempo há cada vez mais propagandas, influencers, opinadores, especialistas que falam e falam mas parecem dizer pouco sobre a nossa realidade individual. Como achar o melhor caminho para realizar os seus objetivos financeiros? Vamos colocar os investimentos em pauta e mostrar que investir e ganhar dinheiro em renda fixa ou variável não precisa ser tão complicado.
Especial finanças;Organizando sua vida financeira — Isabela Fontanella;Apesar de pensarmos muito sobre dinheiro, pouco falamos e menos ainda aprendemos sobre ele. Mas em um cenário econômico cada vez mais desafiador, saber gerenciar suas finanças é uma habilidade cada vez mais importante – então por que manter esse tema como tabu? A ideia deste bate-papo é mostrar alguns conceitos de finanças pessoais facilmente aplicáveis ao nosso quotidiano e apresentar uma nova forma de pensar a questão financeira para mudar sua relação com o dinheiro.
Especial ITD 2020;Marketing pessoal e negociação para tradutores;"Esta apresentação terá como foco os seguintes assuntos: a) como construir e manter imagem e reputação, b) diferentes formas de negociação, c) comparativo entre diversificação e centralização de mercado, d) recebimento e cobrança, e) alocação de recursos financeiros.
A palestra será dinâmica, visto que serão dados alguns exemplos práticos, em tempo real."
Especial ITD 2020;T101 explica WordFast;Conheça o básico da ferramenta WordFast
Especial ITD 2020;Mais organização e produtividade? Tecnologia é a resposta!;"Você consegue imaginar sua vida profissional sem todos os recursos tecnológicos que utilizamos hoje em dia? Aposto que não! Mas até que ponto você realmente tira proveito de tudo o que a tecnologia tem a lhe oferecer? Pois é... Foi pensando nisso que esta palestra “nasceu”.
Aqui, nós vamos explorar seu sistema operacional, dicas de pesquisa, pdfs, contagem de palavras, tags, gerenciamento administrativo e administração de tempo, listando ferramentas e abordagens que vão melhorar sua organização, produtividade e qualidade de vida de uma maneira prática e econômica. "
Especial ITD 2020;Lançamento do PED4TI;O Portuguese-English Dictionary for Translators and Interpreters (PED4TI) é uma obra terminográfica direcionada pelo corpus (corpus-driven) e multitemática, ou seja, não está circunscrita a uma única área de conhecimento (abrangendo da acarologia à zootecnia). Por ser um dicionário online, suas atualizações serão semanais. Ademais, inclui apêndices com acrônimos, países e nacionalidades, prefixos e sufixos, profissões, unidades de medida, verbos irregulares, dentre muitos outros, concentrando informações em um único ambiente e, consequentemente, otimizando o tempo de pesquisa dos tradutores e intérpretes. O acesso ao PED4TI poderá ser feito via celular, tablet ou PC.
Especial ITD 2020;O mundo não te odeia;“Recebi um feedback negativo. Perdi o cliente?” “O revisor está trocando seis por meia dúzia só para mostrar trabalho?” “Estou revisando um texto que tem muitos problemas. O tradutor quer que eu faça o trabalho dele?” Essas são algumas das perguntas que passam pela cabeça de todo profissional quando precisa dar ou responder a um feedback negativo. Vamos juntos encontrar soluções para melhorar a qualidade do trabalho do tradutor e do revisor, reduzir o estresse e fidelizar o cliente com atitudes profissionais e respeitosas.
Especial ITD 2020;Tradução científica: trajetória, especialização e peculiaridades;Tradução científica: trajetória, especialização e peculiaridades
Especial ITD 2020;T101 explica XBench;Pontos que deveriam ser vírgulas, espaços duplos indevidos, números trocados, erros em tags, termos que não respeitam o glossário do cliente... quantos deslizes semelhantes já passaram despercebidos em suas traduções? Traduzir é um ato que requer atenção a muitos detalhes, e nem sempre conseguimos dar conta de tudo por nós mesmos. Nesse sentido, as ferramentas de verificação da qualidade (QA) são essenciais para abrir nossos olhos. Nesta apresentação, você aprenderá a usar os principais recursos de controle de qualidade e terminologia no Xbench, uma ferramenta simples e gratuita que ajuda tradutores a trabalhar com mais confiança.
Especial ITD 2020;O tradutor para dublagem, o texto traduzido e o estúdio;"Não há dublagem sem tradutor. Essa figura tão importante é a base de todo o processo e, diante disso, a palestra tem como objetivo se debruçar sobre alguns dos principais aspectos que envolvem esse profissional e a sua dinâmica dentro do mundo da dublagem, entre eles: 

- O que é necessário para se ter uma tradução para dublagem de excelência? 

- Como se dá a dinâmica entre o tradutor e o estúdio de dublagem? 

- O texto do tradutor: afinal, de quem é? É mesmo do tradutor? Dos dubladores? Do cliente?"
Especial ITD 2020;T101 explica SDL Studio;Conheça o básico da ferramenta SDL Studio.
Especial ITD 2020;T101 explica memoQ;Conheça o básico da ferramenta memoQ.
i2B;O que leva a uma carreira bem-sucedida na tradução? — William Cassemiro;O que leva a uma carreira bem-sucedida na tradução?
IOGA;Cuidados com face, ombros, braços e mãos cadeira — Mariana Paz;Cuidados com face, ombros, braços e mãos cadeira com Mari Paz.
LBM Week;LBM ACADEMY: A ESCOLA DAS RATARIAS DA TRADUÇÃO AUDIOVISUAL — Ligia;Ter uma escola é um sonho antigo para a equipe da LBM e, veja só, ele está virando realidade! Neste breve encontro, daremos um panorama do que a LBM Academy vai trazer para 2021: nossa equipe, nossos cursos e nosso propósito de vida. E vamos querer ouvir você também, portanto a sua presença é imprescindível. Até lá!
Live sobre as normas;Live sobre as normas;Conversa sobre as normas de tradução e interpretação com a ABRATES, AIIC, APIC, BLISS e SINTRA. Vamos saber o que são e o que exigem as normas NBR 17100 e NBR 18841, tirar dúvidas e discutir o possível impacto que causarão em nossa profissão.
Maratona;Transcriação (tradução criativa) — O que os clientes realmente querem do tradutor — André Ribeiro;"O que é a transcriação e como as agências vêm lidando com isso?
Tipos de projetos: a) transcriação simples b) transcriação com justificativa c) transcriação com justificativa e back translation.
Relação com gerentes de projetos. Não é um relacionamento qualquer. 
Estado de ""flow"" dos trabalhos criativos e bem remunerados. 
Seja o pai/a mãe da criança."
Maratona;"Congresso não é só palestra; tenha uma mente empresária — Comportamentos, atitudes e estratégias em eventos profissionais — André Ribeiro";"O dia do congresso não é o primeiro dia do congresso. 
Construção e/ou intensificação de autoridade e engajamento semanas antes do evento
Hora de começar não é hora de chegar. Conheça as oportunidades anteriores ao evento, no dia do evento. 
Não basta ser profissional, tem que parecer profissional. 
Não é possível saber de tudo. Seja seletivo. 
Palestra é o que mais importa? Nem sempre, mestre! 
Esteja na palestra mesmo não estando na palestra. 
Não misture as coisas: amigos são amigos e oportunidades são oportunidades. Saia da bolha!"
Maratona;Negociação avançada — André Ribeiro;"Negociação é um jogo. Entre para vencer.
Omitir não é mentir. Não fale tudo.
Os diferentes cenários da negociação.
Comando da negociação: você e você.
O cliente que paga bem e sabe que paga bem (a galinha dos ovos de ouro).
Acompanhamento da negociação.
Estudos de casos reais."
Maratona;Os melhores clientes esperam por você no LinkedIn — André Ribeiro;"LinkedIn e suas histórias.
Por que investir seu tempo e energia no LinkedIn?
Clientes qualificados.
Ações simples que enriquecem o perfil.
Quem não é visto não é lembrado: saiba como se colocar em destaque.
Investimento em relações significativas: sua rede, seu futuro.
Colha os frutos do LinkedIn."
Mês do bem-estar;Movimentos conscientes — Sofia Pulici;No nosso último encontro de bem-estar, faremos alguns movimentos conscientes. Geralmente passamos muito tempo com os braços e mãos digitando na mesma posição, ombros por vezes tensionados e olhos com foco localizado e estreito. Vamos falar um pouco sobre a importância de fazer certos movimentos com consciência no movimento e na respiração. Serão movimentos para o corpo e os olhos que podem ser feitos na cadeira de trabalho e que você poderá fazer sozinho/sozinha mesmo após a sessão.
Mês do bem-estar;Respiração consciente — Sofia Pulici;Como anda sua respiração enquanto trabalha? O terceiro encontro de bem-estar será uma sessão de respiração consciente. Vamos falar um pouco sobre a importância de estar ciente da respiração e fazer três exercícios para nos ajudar no dia a dia. Serão exercícios de respiração que podem ser feitos na cadeira de trabalho e que você poderá fazer sozinho/sozinha mesmo após a sessão.
Mês do bem-estar;Meditação — Sofia Pulici;Vamos relaxar o corpo e a mente e tirar um pouco do stress? O segundo encontro de bem-estar será uma sessão de meditação guiada para remover o stress do dia, que você poderá fazer sempre que quiser e precisar. Antes de meditar, vou falar um pouco sobre o que é meditação. Então, se você tem dúvida ou pergunta sobre o tema, mande antes da sessão para poder ser abordada no dia. A meditação poderá ser feita sentado em cadeira ou no chão. Não tem requisitos. Use roupas confortáveis e escolha um local silencioso, sem distrações.
Mês do bem-estar;Yoga Nidra — Sofia Pulici;Quem vem relaxar um pouco o corpo e a mente? ☺️ A prática de yoga nidra (relaxamento profundo) é feita deitada. Pode ser num tapetinho de yoga, toalha ou carpete no chão. Escolha um cômodo silencioso, sem interrupções de pessoas. Se tiver algum desconforto de ficar deitado, pode ser sentado numa poltrona (onde consiga relaxar). Use roupas confortáveis. Deixe um manta à mão se sentir frio (a temperatura do corpo cai durante a prática).
Oficina;Oficina de tradução de jogos de tabuleiro — Ivar Jr. e Luciana Boldorini;Você já pensou em traduzir jogos de tabuleiro? Ao contrário do que muita gente pensa, traduzir ou localizar jogos analógicos (os jogos de tabuleiro, jogos de cartas colecionáveis e até mesmo RPGs) não é uma tarefa tão fácil! São vários tipos de texto dentro de um mesmo produto, mas o que predomina é o texto técnico. Talvez pareça que não é tão divertido quanto jogar, mas é uma tarefa muito gratificante — e é um mercado que está crescendo gradualmente no Brasil. Venha participar de uma oficina que apresentará o universo dos Boardgames, passando por princípios elementares até macetes e particularidades da tradução desse material.
Oficina;Tradução e edição de literatura especulativa: estudo de casos — Giovana Bomentre;Nesta oficina, Giovana apresentará a introdução ao processo editorial e estudos de casos para edição e tradução de neologismos em fantasia e ficção científica, explorando os pontos de atenção e outros potenciais desafios destes gêneros.
Oficina;Oficina de tradução de HQs — Carol Pimentel;Tradução de histórias em quadrinhos e o mercado mainstream no Brasil
Oficina;Oficina on-line de auto-retratos profissionais — Camila Rodrigues;Me chamo Camila Rodrigues e tenho a proposta de fazer uma oficina on-line que ajude os alunos fazerem auto-retratos com seus smartphones a fim de tornar o currículo, ou perfil nas redes profissionais, mais atraentes.
Oficina;Oficina de SE — Laila Compan — 1ª parte;"Nesta oficina vamos conhecer o Subtitle Edit e ver como melhorar a qualidade das legendas para o cliente e a produtividade do tradutor legendador. Venha preparado e disposto a trabalhar, afinal, legendagem é prática!
E para participar você só precisa baixar o Subtitle Edit. No botão abaixo você terá o passo a passo de como fazer."
Oficina;Oficina de SE — Laila Compan — 2ª parte;"Nesta segunda parte, vamos continuar de onde paramos (caso não tenha participado da primeira, está disponível na aba ""Vídeos"" no site) e nos aprofundaremos um pouco mais no SE.
Já estejam com o SE configurado do jeitinho da apostila e com o exercício 2 feito, pra gente não perder tempo. A Laila não voltará a essa parte de configuração!"
Oficina;Quanto vale meu trabalho? — William Cassemiro;Palestra de William Cassemiro sobre um método para cálculo de valor a ser cobrado no EMPREENDE LETRAS 2021.
Oficina;Oficina prática de tradução com a professora Isa Mara Lando;Nesta oficina, vamos fazer aflorar nossa criatividade e nossa sensibilidade, visando fazer uma tradução que seja um texto natural, expressivo e atraente em português.
S02E04;Tradução para dublagem de cinema — Bianca da Costa;Não tem descrição.
S02E04;Singularidades da tradução de idiomas raros — Robson Ortlibas;Não tem descrição.
S02E04;Treine como um atleta 2: mais dicas para o tradutor autodidata — Isa Mara Lando;Dicas para ampliar seus conhecimentos em línguas e tradução oferecidas por uma das mais renomadas tradutoras brasileiras, Isa Mara Lando.
S02E05;Desvendando o Proz.com — Fernanda Rocha;Desvendando a ferramenta Proz.com
S02E06;Transcreation 101 — Ana Ribeiro;Não tem descrição.
S02E06;Interpretação: a vida real — Adriana Machado;Não tem descrição.
S02E06;Abordagem a agências pelo LinkedIn — André Ribeiro;Não tem descrição.
S02E06;A escolha do gerente de projetos — Bruno Fontes;Não tem descrição.
S02E06;Desafios e percalços de tradutores iniciantes nas agências de tradução;Não tem descrição.
S03E01;A culinária em legendas — Carol Selvatici;Não tem descrição.
S03E03;Contabilidade — Luidg Quitete;Entendendo a tributação
S03E04;Autogestão para tradutores — Mariana Gualano;Não tem descrição.
S03E05;A linguagem LGBTQIA+ na tradução para dublagem;Não tem descrição.
S03E06;Regex for dummies: como começar a usar expressões regulares — Reginaldo Francisco;Uma expressão regular é uma sequência especial de caracteres utilizada para representar um padrão de pesquisa. Expressões regulares são um recurso muito útil, que abre toda uma gama de possibilidades em diferentes programas, inclusive nas ferramentas de auxílio ao tradutor (CAT tools). Embora seja complexo dominar por completo todo o universo das expressões regulares, compreender algumas noções básicas já possibilita encontrar vários usos para elas. Nesta palestra, discutiremos o conceito de expressões regulares e veremos, por meio de exemplos práticos, como elas funcionam e como podem ser usadas para refinar buscas, filtros e outras funcionalidades de sua CAT tool.
S03E07;Interpretação no Oscar — Anna Vianna;O que é preciso para fazer interpretação ao vivo na TV? Vamos conversar sobre os caminhos tortuosos que me levaram a ser intérprete de conferências e como comecei a fazer o Oscar na Globo.
S03E08;Tradutores formados, informados e desenformados. Nossos muitos caminho. — Daniel Estill;O tema de nossa palestra é o que caracteriza a indústria da tradução hoje e o que é preciso para se tornar um profissional da área. Considero a academia o local privilegiado para formar profissionais capazes de fazer frente às demandas cada vez maiores por uma crescente variedade de produtos digitais a serem traduzidos, localizados, legendados, dublados, adaptados, audiodescritos, numa combinação de conteúdos multimídia cada vez mais complexa. No entanto, a realidade nos mostra que são muitos os caminhos possíveis para a nossa formação profissional. Vamos refletir um pouco sobre alguns desses caminhos, com seus aspectos positivos e negativos.
S03E09;Falsos cognatos e decalques na tradução médica inglês>português — Juliana Samel;Uma conversa sobre os desafios terminológicos para o tradutor de medicina, com dicas para escapar de algumas armadilhas e encontrar soluções, com foco na evolução dos termos novos incorporados ao jargão médico.
S03E10;Tradução de games? É muito simples! #sqn — Val Ivonica;Tradução de jogos não é brincadeira. É uma área com características, requisitos e desafios próprios, e pode englobar muitas outras áreas, como TI, para a UI, tradução literária, para as narrativas e diálogos, legendagem e dublagem, só para citar algumas. Nesta palestra vamos falar um pouco disso tudo e mostrar exemplos das boas práticas — e das não tão boas assim, mas que também fazem parte do dia a dia do tradutor de games.
S03E11;Os desafios da interpretação nos eventos esportivos;"Atravessando vales, subindo montanhas e descendo por rios caudalosos: os desafios da interpretação em eventos esportivos
Em uma conversa vamos descobrir o que precisa fazer (além de traduzir) durante os eventos esportivos/aventura. E conhecer recursos de pesquisa para trabalhar com esportes “desconhecidos”."
S03E12;CAT Tools e Machine Translation: discutindo a relação — Jorge Davidson;A tecnologia tem deixado de ser simplesmente um ator coadjuvante no processo de tradução para ocupar um lugar de centralidade crescente. Todos os dias, os tradutores profissionais interagimos com uma série de programas e dispositivos para realizar tarefas das mais diversas, o que impacta de maneira significativa no nosso trabalho. A palestra abordará especificamente a utilização da combinação de duas tecnologias, as CAT Tools e a Machine Translation (MT, ou tradução automática). Depois de fazer uma breve apresentação histórica introdutória para entender como chegamos até o momento atual, apresentarei algumas formas em que essa combinação pode utilizar-se na prática: desde o Lilt, sistema que integra Adaptive MT + CAT Tool até pós-edição de MT (PEMT) no nível de segmento (frase completa) e no nível de subsegmento (frase parcial).
S03E13;Experiência com tradução jurídica do gênero contrato — Alessandra e Carlos Harmel;"1. Instrumentos Jurídicos – que são?
2. Breve Histórico
3. O Gênero Contrato
4. Diferenças entre Sistemas Jurídicos e sua influência
5. O aspecto linguístico: terminologia e elaboração da área de especialidade
6. Alguns exemplos e experiências
7. Interação"
S03E14;O tradutor nômade digital — Carmen Reis;Como nômade digital, o tradutor pode e deve aproveitar a oportunidade de poder trabalhar em qualquer lugar a qualquer momento. O intuito desta palestra é compartilhar a minha experiência como tradutora que une duas paixões: a profissão e a vontade de viajar. Pretendo oferecer dicas de planejamento e ferramentas que nos auxiliam nesse processo, como aplicativos e software. Sobretudo, pretendo compartilhar a minha experiência em quatro momentos cruciais do meu trabalho remoto: um ano semissabático (acompanhado de uma viagem de carro pelos EUA de quase um mês), curso de cinco semanas no sul da França, uma viagem ao Japão e uma viagem a Cuba. A ideia é comentar o que deu certo, quais foram os desafios e o que eu poderia ter feito diferente.
S03E15;Tradutor como empreendedor: da criação de marca ao relacionamento com o cliente — Caroline Alberoni;Nesta palestra, falarei brevemente sobre alguns aspectos práticos da vida do tradutor que nem sempre são abordados pelos cursos de tradução, do ponto de vista do tradutor como empreendedor. Falarei sobre a importância da criação de uma marca e identidade visual, marketing e networking, produtividade e organização, e relacionamento com o cliente, dando um foco maior nesse último ponto.
S03E16;Tempos verbais e suas especificidades nas versões de artigos científicos para o inglês — Gilson Mattos;Não há dúvidas de que tradutores precisam dominar a gramática dos pares linguísticos com que trabalham. No entanto, por mais avançado que seja o domínio dos tempos verbais em inglês, o que muitos não sabem é que, nos artigos científicos, os tempos verbais têm usos específicos que variam de acordo com as seções do artigo. Nesta palestra, tratarei dessas especificidades, analisando também algumas armadilhas que frequentemente induzem em erro gramatical e comprometem o significado e, consequentemente, a qualidade da tradução.
S03E17;Como usar ferramentas de corpus para dar mais naturalidade ao seu texto — Daniel Erlich;"Um “corpus” (plural: “corpora”) é uma imensa coleção de textos, geralmente na ordem de milhões de palavras. As ferramentas de busca em corpus, desenvolvidas pela linguística, são muito úteis para a tradução. Podemos usá-las para evitar erros, escolher palavras que se encaixam melhor nas suas frases, e produzir um texto mais natural e fluente.
Existem corpora dos principais idiomas do mercado (EN, PT, ES, etc.). Vamos usar algumas das ferramentas mais intuitivas, como o Google Ngram Viewer e os da BYU, para trazer melhorias concretas a partir da sua próxima tradução. Pesquisar os termos mais usados com a ajuda de um corpus é a maneira mais rápida e confiável de se inserir num idioma, numa cultura, e escrever do jeito que os leitores estão mais acostumados a ler."
S03E18;Tradução de videogames: o ponto de vista do tradutor — Michel Teixeira;Que abordagem um tradutor precisa adotar ao receber um trabalho de tradução de videogames: como se preparar, o que esperar, como agir em caso de dúvidas, que medidas tomar durante a tradução e após a revisão final para entregar um produto de qualidade? Nesta palestra, partindo de experiências pessoais, tento responder essas perguntas para ajudar profissionais que desejam se especializar em tradução de videogames.
S03E19;SDL Studio: primeiros passos — Cris Tribst;A proposta deste webinar é fazer uma breve apresentação e oferecer as noções básicas para dar os primeiros passos no uso do SDL Studio, incluindo conceitos básicos de memórias de tradução (TMs), termbases (TBs) e dicionários de sugestão automática (AutoSuggest), configurações básicas de acordo com as preferências do usuário, incluindo definição de idiomas, fontes e disposição de janelas, passando para a tradução de um único arquivo e a criação de um projeto de tradução de exemplo, com todas as etapas do trabalho até a geração do arquivo final traduzido.
S03E20;10 Anos Traduzindo de Tudo. Minha Carreira na VICE Brasil;Na palestra eu vou falar um pouco sobre a minha carreira e as coisas que aprendi sobre tradução colocando a mão na massa nesses anos todos. Como traduzir informação para um público principalmente jovem, mas sem alienar ninguém (ou como tentar, pelo menos). Tentar encontrar a abordagem certa para cada assunto. Algumas derrotas e algumas vitórias das minhas traduções. As ferramentas que costumo usar. Truques que aprendi depois de quebrar muito a cabeça. E vou responder as dúvidas que vocês tiverem sobre o meu trabalho.
S03E21;Como conciliar as carreiras de tradutor e intérprete — Marsel de Souza;Tradução e interpretação são ofícios irmãos. Os atributos básicos para a prática de um são também essenciais para o outro. Mas por que tantos profissionais encaram como caminhos distintos? É possível conciliar as duas carreiras? Para responder a essas perguntas, serão abordados aspectos relacionados a mentalidade, preparação/qualificação, práticas profissionais e posicionamento comercial. Vamos falar sobre o que fazer e o que não fazer nessa jornada pelas duas profissões. Ao final, teremos um espaço para a troca de ideias com quem já trilha os dois caminhos e/ou deseja trilhar.
S03E22;Como traduzir a Terra-média — Reinaldo José Lopes;Nesta palestra, o objetivo é abordar os desafios de traduzir a obra de J.R.R. Tolkien, caracterizada por uma linguagem arcaizante e uma grande variedade de formas poéticas, algumas poucas usadas no inglês moderno. Também daremos especial atenção à terminologia cunhada por Tolkien para designar pessoas, espécies e lugares de seu mundo ficcional e aos caminhos para traduzir isso para o português.
S03E23;Amigos, amigos, trabalhos à parte: o trabalho com colegas contratantes — Daniele Fonseca;Muito se fala sobre o trabalho com agências ou com clientes diretos, mas e quando o contratante é um colega tradutor? Nesta palestra, pretendo abordar algumas questões de relacionamento e trabalho que ajudam a separar o pessoal do profissional, mas podem estreitar laços profissionais.
S03E24;AMA (Ask me anything) sobre localização de jogos! — Paula Ianelli;Você tem alguma pergunta sobre localização de jogos? Qualquer uma? Então você não pode perder essa sessão de AMA com Paula Ianelli, tradutora de jogos AAA. As perguntas poderão ser feitas na hora.
S03E25;Profissão tradutor/intérprete de Libras - trajetórias e formação — Paloma Bueno;"A palestra terá como objetivo apresentar um pouco da trajetória de formação como tradutora e intérprete de Libras, curiosidades e desafios sobre as áreas de atuação.
Tópicos que serão abordados:
- Áreas de atuação: educação, novos mercados/RSI.
- Como se forma um intérprete de Libras?
- Qual a diferença entre tradução e a interpretação da e para Libras, existe isso?
- Clientes e usuário de serviço de tradução/interpretação em Libras.
- Surdos: legendas ou Libras?"
S03E26;Ask me anything sobre legendagem — Leilane Papa;"Qual o papel da revisão na legendagem?
Como é a adaptação na legendagem?
Marcação de tempos nos shot-changes? 
Como fazer nas interrupções de fala? 
Tudo isso e qualquer outra pergunta que você queira fazer!"
S03E27;Traduzindo para a cena — Cláudia Cruz;O que distingue a tradução de um texto dramático dos outros tipos de tradução? Quais são os aspectos específicos da tradução desses textos? Que diferenças há no processo de tradução de um texto dessa natureza para ser lido ou para ser encenado? A proposta desta palestra é refletir a respeito dessas questões, abordando conceitos teóricos a partir de exemplos concretos. Falaremos das especificidades desse tipo de tradução, passando por temas como ritmo, registro, aspectos culturais e linguísticos, uso de referências, jogos de palavras, piadas, entre outros.
S03E28;Cobrança e negociação para tradutores — Simone Resende;O objetivo da palestra é apresentar diferentes formas de negociar e cobrar pelo serviço de tradução, a apresentação busca descrever estratégias de negociação e argumentação durante o processo de prospecção e prestação de serviços de tradução por meio de relatos de experiências.
S03E29;Tradução de literatura infantil e infanto-juvenil: um plus a mais — Andréia Manfrin;Nesta palestra, Andréia falará um pouco da sua experiência com tradução editorial e direcionar a apresentação para um mercado mais específico: a tradução de literatura infantil e infantojuvenil. Algumas perguntas que serão respondidas: Faz sentido falar sobre tradução de literatura infantil e infantojuvenil, se isso também é literatura? Quais são as diferenças e semelhanças entre esses gêneros e a literatura tout court? Como definir esse nicho? Quais são as especificidades do mercado?
S03E30;Tradução no Esporte ou Esporte na Tradução?;Não tem descrição.
S03E31;What the heck! A internacionalização da Dona Hermínia — Ligia Fragano;"Em sua estreia no Brasil, ""Minha Mãe é Uma Peça 3"" desbancou blockbusters internacionais e rapidamente se tornou um dos filmes de maior arrecadação de bilheteria nacional. A protagonista, Dona Hermínia, é uma referência da comédia nacional, o que torna a legendagem do filme em inglês um desafio e uma grande responsabilidade. Nesta palestra, vamos conhecer o processo de legendagem do filme, com foco nas estratégias culturais e linguísticas aplicadas para a recriação da Dona Hermínia em língua inglesa."
S03E32;Audiodescrição rima com tradução de muitas maneiras além da sonoridade — Ana Julia Perrotti;Venha conhecer as bases da audiodescrição, essa modalidade de tradução intersemiótica que ajuda a compreensão plena de produtos audiovisuais para pessoas com deficiência visual, cegas e com baixa visão, idosos, estrangeiros, pessoas com dislexia e pessoas com visão preservada ou corrigida momentaneamente privadas da visão. Além de ser um mercado de trabalho em franca expansão, carente de bons profissionais e de especialistas dedicados, a audiodescrição pode ser uma especialização frutífera e gratificante para tradutores, intérpretes, narradores e demais profissionais das páreas de teatro, cinema, TV e editoras.
S03E33;Traduzindo jogos de tabuleiro — Juliana Gallo;Conheça os bastidores do mundo da tradução dos jogos de tabuleiro. Nesta palestra, vou compartilhar minha experiência na área e mostrar como é o processo de tradução de um jogo, incluindo os desafios, curiosidades e particularidades.
S03E34;O Fantástico Mundo da Pesquisa Clínica — Kelly Elizeu;A pesquisa clínica é uma área com muita demanda tradutória, mas ainda é um grande mistério para a maioria das pessoas, inclusive os tradutores. Vamos conversar sobre a história e a importância da pesquisa clínica, quais são os aspectos éticos e as regulações que regem os ensaios clínicos atualmente. Traga as suas dúvidas para desmistificar o assunto melhorando, assim, a confiabilidade das fontes de referência terminológica.
S03E35;Que tal aprender como fazer seu próprio glossário?— Ciça Lopes;Com uma ferramenta gratuita e um corpus criado por você, mostrarei como ser mais independente criando sua própria fonte de pesquisa para determinada área de especialidade. Além disso, você verá como a Terminologia, a Fraseologia e a Linguística de Corpus nos auxiliam no cotidiano da tradução!
S03E36;Notas: muito além de símbolos — Érika Lessa;A interpretação consecutiva parece inofensiva para quem tem pouco treinamento, mas pode tirar noites de sono de intérpretes experientes. Muitos acabam lançando mão da interpretação intermitente, em vez da consecutiva, justamente para evitar tropeços e distrações causados por notas inadequadas. Nessa apresentação, veremos que o modo consecutivo não precisa ser um bicho de sete cabeças e nem é necessário ser especialista em taquigrafia para que suas notas sejam ferramentas úteis para uma devolutiva de qualidade.
S03E37;Localização de jogos de tabuleiro — Ivar Jr e Luciana Boldorini;"Nesta palestra, os tradutores Ivar P. Junior e Luciana Galeani Boldorini falam sobre sua atuação na área de localização de jogos de tabuleiro, oferecendo uma visão geral sobre o mercado, as características do texto e do trabalho, o processo de produção de um jogo localizado e uma análise sobre as funções que tradutores e outros profissionais do texto podem exercer na cadeia de produção dos boardgames. Também veremos dicas sobre como e por onde começar a carreira na área, as competências necessárias e alguns ""causos"" curiosos dos projetos em que os dois participaram."
S03E38;Tradução automática na tradução técnica? Testamos uma abordagem — Carolina Bisson;Na era da inteligência artificial, muito se fala sobre a adoção de sistemas de tradução automática na tradução técnica com o intuito de aumentar a produtividade do tradutor, sem comprometer a qualidade da tradução. Nesse cenário, será que alguma abordagem já foi realmente colocada à prova? Quais foram os resultados? Nesta palestra, apresento a abordagem que testei em minha pesquisa de mestrado e os resultados obtidos ao usar um sistema de tradução automática adaptativa aliado ao gerenciamento de terminologia na tradução técnica da área de finanças.
S03E39;Tradução de patentes: por onde começar? — Beatriz Araujo;O que é uma invenção? O que é uma patente? Qual a relação entre invenção e patente? As patentes são fontes riquíssimas de pesquisa para tradutores. Mas poucos conhecem. E a demanda de tradução no campo das patentes é expressiva para muitos idiomas. Nessa palestra vamos conversar sobre a importância, as peculiaridades e o conhecimento necessário para um tradutor iniciar sua jornada no mundo das patentes.
S03E40;O papel da revisão na tradução — Beatriz Santana;A revisão de texto é uma etapa entre a tradução e a edição final do texto traduzido. Para obter sucesso na revisão de textos traduzidos para a língua portuguesa, além de conhecer diversos recursos tecnológicos e dominar os mecanismos linguísticos, é importante ter proficiência multilíngue para adequar ou adaptar o texto ao público-alvo da língua destino, bem como realizar uma análise comparada com o texto original.
S03E41;Em busca da naturalidade — Petê Rissatti;Nesta palestra/bate-papo, abordaremos um dos temas mais discutidos na tradução de forma gera: a naturalidade. Com exemplos e alguns exercícios práticos, veremos tópicos como público-alvo, revisão, pesquisa e leitura, em um panorama amplo sobre a busca da naturalidade.
S03E42;Tradutores euprendedores e o relacionamento com o cliente — Rane Souza;Ser tradutor e/ou intérprete exige habilidades quase-ninjas! Você tem que cuidar do marketing, dos impostos, das CAT Tools, dos prazos, da manutenção do seu computador, da licença do Office, da cadeira adequada, de um bom teclado, da visão, da postura, de atualizar seu CV... Ufa! Não é pouco. E veja que só citamos os pontos mais óbvios. Rane Souza, intérprete e tradutora, falará sobre tudo isso e muito mais nessa palestra sobre as pessoas EUpreendedoras.
S03E43;Os desafios da produção editorial de best-sellers — Suelen Lopes;Até chegar à casa dos leitores, os livros estrangeiros passam por uma longa jornada, envolvendo diversos profissionais e departamentos. Como é o processo de tradução e edição de best-sellers? Que desafios o editor precisa enfrentar para realizar um lançamento simultâneo? Por que nem sempre é possível atender a essa demanda? Nessa verdadeira montanha-russa editorial, é de suma importância debater essas questões e repensar as estratégias de produção que levam determinados livros às listas de mais vendidos.
S03E44;Traduzir RPG é sempre um desafio — Jana Bianchi;"Às vezes um miconídeozinho, às vezes um dragão ancião (ou coisas piores), mas sempre um desafio. Nesta palestra, vou falar sobre a minha experiência traduzindo RPG do ponto de vista de alguém que também traduz prosa (e quadrinhos, e jogos de tabuleiro): quais são as diferenças entre os tipos de tradução? O que dá para aprender com os diferentes processos? Quais as melhores e as piores partes de traduzir RPG? Na área dos ""20 naturais"" das minhas vivências, vou contar como foi trabalhar em projetos de D&D, com seus glossários já pré-estabelecidos e grande fandom. Por outro lado, quando falar das ""falhas críticas"", vou comentar sobre a conversão de unidades (inclusive de dados, socorro), as mirabolâncias para traduzir nomes cheios de trocadilhos, o processo de ter que neutralizar o gênero de quem lê quando as instruções são diretas e a atenção sempre constante para garantir a clareza das informações."
S03E45;Legendagem especializada: foco no gênero institucional — Carol Alfaro;Esta palestra traz reflexões e informações mais específicas sobre o gênero institucional da tradução audiovisual, aquela que é realizada para empresas de diversos ramos e se destina a ensino ou treinamento, promoção, vendas e afins. O que diferencia esse gênero da tradução audiovisual destinada ao entretenimento, tanto em termos do conteúdo quanto do projeto de trabalho e a relação com o cliente? Quais são as características mais adequadas do profissional de tradução para ter sucesso neste campo?
S03E46;Rock’n roll x livros (histórias+idiomas+mistura cultural) ideias = tradutora literária — Amarilis Okida;Uma parte considerável das histórias presentes no cotidiano das pessoas é traduzida, mas esse detalhe costuma passar totalmente despercebido, que maravilha! Sinal de que o trabalho foi bem executado! A apresentação sobre tradução literária visa oferecer um panorama geral da figura do tradutor que atua nesse nicho de mercado e algumas peculiaridades da área, com base nas minhas próprias experiências, desde o primeiro contato com a editora até a entrega do projeto finalizado. Ah, estudos de “causos” não vão faltar!
S04E01;Como é que traduz essa porr@? — Renato Geraldes e Evelise Scapol;Palavrões são uma parte fundamental de qualquer idioma. Depois de se depararem com uma caralhada deles em uma porrada de eventos diferentes, os palestrantes decidiram abordar o assunto para conversar com os ouvintes sobre o palavrão. Por que usamos palavrões? Qual a força de expressão deles? E, mais que isso, quando o orador que estamos interpretando - ou o livro, jogo, documento, campanha, e que estamos traduzindo lança mão desse artifício linguístico, qual deve ser a nossa abordagem? Traduzimos? Atenuamos? Eliminamos? Essa palestra não tem o intuito de estabelecer diretrizes de conduta, mas de debater o uso e o poder do palavrão e como os tradutores/intérpretes podem lidar com ele baseado nas nossas experiências e ideias.
S04E02;Kit de sobrevivência: Vinte dicas pra se manter na tradução — Andressa Gatto;A palestra é um convite para refletir de forma bem sincera sobre vinte ferramentas úteis que profissionais da área de Tradução devem ter, desenvolver e prestar atenção não só para entrarem no mercado, como também para se manterem nele, a despeito de tantas dificuldades que enfrentamos ao longo do caminho.
S04E03;Linguagem inclusiva: gênero, política e linguagem — Ana Elisa Ribeiro;"Desde a escola básica, aprendemos que, em português, masculino e feminino podem ser expressos pelo ""neutro"" masculino. A premissa é a de que estaremos todos e todas contemplados, subsumidos pelo ""o"" e, em tese, satisfeitos. No entanto, há algum tempo vem se desenvolvendo intenso debate sobre questões de gênero que devem ser de fato contempladas pela linguagem, expressando e incluindo o que não é entendido por todos como automático e nem satisfaz a todas as pessoas. Nesta palestra, abordaremos essas questões, contando um pouco das razões e da história desse debate, além de fornecer exemplos de soluções oferecidas por diversos grupos para a ""linguagem inclusiva''."
S04E04;O Skill Set do intérprete — Marcelle Castro;"Nesta palestra Chiquita bacana disponível em qualquer Cidade maravilhosa, vamos entender quais processos ocorrem durante uma interpretação e quais habilidades uma pessoa precisa desenvolver para fazer uma interpretação consecutiva e simultânea.
Ouvimos um Mamãe, eu quero? Ok, vocês venceram! 
No melhor visual cabeleira do Zezé, vamos destrinchar a fórmula do Modelo dos Esforços e trazer exemplos de exercícios para desenvolver cada uma das habilidades.
Acorda, Maria Bonita! Bota a fantasia e venha sassaricar na nossa palestra junto com a gente!"
S04E05;Afinal, o que é gramática? — Amanda Moura;A gramática é um conjunto de regras? Se sim, regras de quê? Com o objetivo de evitar a repetição muitas vezes reproduzida na escola, nesta palestra partimos da premissa de que a noção de certo e errado na língua está muito mais centrada no uso que se faz dela do que nas gramáticas. Compreendendo que a gramática não é unívoca, mas um objeto “inacabado”, neste encontro trataremos da seguinte pergunta: “Mas se nós, tradutores, trabalhamos com a materialidade escrita, podemos considerar que nos textos tudo é possível?”
S04E06;Traduttore, traditore e manipolatore - uma palestra em português brasileiro — Letícia Sallorenzo;Epa! Eu sou tradutor, texto meu não sai manipulado, não! Eu sigo fielmente o sentido do texto! O que os processos de manipulação de textos podem influenciar na minha tradução tão comportada, tadinha dela? A jornalista e linguista Letícia Sallorenzo mostra a real necessidade de se entender a construção sintática dos textos traduzidos. Casos como “testar positivo” e “falar sobre” não atrapalham ninguém, mas uma voz passiva... afff...
S04E07;Como fazer para sempre lembrar dos termos nas suas línguas? — Denise Araujo;Um dos principais desafios para tradutores e intérpretes é conseguir lembrar da terminologia. Com certa frequência esquecemos de termos ou pior ainda, às vezes nem lembramos de um termo/conceito das traduções e interpretações que fazemos! E se você conseguisse entender melhor como esse mecanismo funciona e aprender estratégias para manter os termos sempre na ponta da língua?
S04E08;O Diário de Mika acessível em libras — Juliana Fernandes;Mika (Mikaela), uma menina de aproximadamente quatro anos de idade que juntamente com seus seis amigos (Abelhuda, Blablá, Bru, Javô, Lilá e Puquê) a cada episódio conversam sobre uma situação diferente vivenciada pela protagonista, então ela desenha no tablet para tentar entender. Costuma ir para seu quarto neste momento e durante cada papo o amigo que apresenta traços de personalidade que mais tem a ver com o tema da vez participa com ela de grandes aventuras no sentido de construir importantes experiências e aprendizado da vida. Foram 52 episódios interpretados para libras que atualmente estão sendo exibidos na TV Cultura.
S04E09;Linguística e Tradução: entre tapas e beijos — Meritxell Almarza;"A relação entre a Linguística e a Tradução nem sempre foi tranquila no Ocidente, não é mesmo?
A Tradução já foi considerada uma simples ferramenta pela Linguística e, por sua vez, a Tradução já considerou desnecessária a Linguística para sua existência e estudo.
Nesta palestra, Meritxell abordará sobre a convivência das duas disciplinas ao longo do tempo e a importância de cada uma para a outra."
S04E10;Interpretação Comunitária: um instrumento de acesso a direitos fundamentais — Mylene Queiroz e Jaqueline Nordin;"Quantas línguas são faladas no Brasil? Você sabe? 
Quem está no Brasil e não fala português faz o que para se comunicar com a professora do filho, com o médico na hora da dor, com autoridades públicas para defesa de direitos?
Como você se sentiria se fosse simplesmente calado nessas situações?
Nesta palestra, Mylene e Jaqueline apresentarão como a interpretação comunitária pode ser um instrumento de acesso a direitos fundamentais por aqueles que estão limitados a se comunicarem em outro idioma quando buscam acesso a serviços essenciais. 
Apresentarão as características da interpretação comunitária, bem como os contextos onde há demanda pela atividade, e juntos faremos uma reflexão sobre o avanço da profissionalização da atividade no Brasil em comparação a outros países."
S04E11;Como a tecnologia facilita a vida do tradutor — Rafa Lombardino;"Os tradutores não devem depender somente de ferramentas CAT para se posicionarem no mercado. 
Com os avanços tecnológicos das últimas três décadas, hoje podemos ter o nosso escritório virtual para interagir com clientes e colegas de profissão nos quatro cantos do mundo. É também a tecnologia que nos permite ter uma presença on-line, aprimorar os nossos conhecimentos e aumentar a nossa produtividade.
Nesta palestra, vamos falar das várias tecnologias que facilitam a nossa vida profissional e nos permitem alcançar eficiência e coerência no nosso trabalho."
S04E12;"Sprechen Sie Deutsch? Dois tradutores brasileiros na Alemanha"" — Bete Köninger e Marcos Zattar";"Costuma-se dizer que o mercado do tradutor não tem fronteiras, basta uma boa conexão de internet e um computador. Apesar disso, cada país tem suas peculiaridades e fatores condicionantes da nossa atividade.
Nesta palestra, Bete Köninger e Marcos Zattar, dois tradutores estabelecidos na Alemanha, vão falar sobre este mercado: como se qualificaram e se tornaram tradutores/intérpretes juramentados nesse país, os requisitos atuais para isso, o perfil dos clientes nos mercados de língua alemã – o chamado D-A-CH, Alemanha, Áustria e Suíça, marcado por empresas exportadoras de alta tecnologia – aspectos legais e as atuais condições para o exercício da profissão."
S04E13;A importância das ferramentas digitais para a tradução — Valter Mendes JR.;"Nesta palestra, Valter Mendes abordará alguns dos motivos que fazem das ferramentas digitais aliadas importantes para tradutores de todas as áreas e especialidades. Será apresentado um panorama geral das MTs e CAT tools (principalmente) e também um pouco sobre outras ferramentas que podem ajudar em nosso ofício.
Além disso, Valter tentará responder a algumas perguntas que sempre atormentam quem está começando no assunto, como qual ferramenta escolher e como aprender a usar uma."
S04E14;A importância dos Guias de Estilo na tradução — Roberta Jenkins;"Nesta palestra, a especialista em localização, transcriação e LQA Roberta Jenkins conversa sobre o famigerado Guia de Estilo e suas diferentes facetas: histórica, teórica e prática.
O objetivo é conhecer um pouco mais sobre esse recurso indispensável para tradutores e revisores, não importa o idioma.
Ao final, você saberá como criar um Guia de Estilo efetivo que atenda ao cliente final e às equipes de tradução e de revisão."
S04E15;Perdido ou cantando a caminho do banco? Como anda você na profissão um ano depois do mundo mudar? — Richard Laver;"Passado um ano do início de um processo de reversão inesperada de expectativas em todos os níveis, é possível observar um amplo espectro de graus de satisfação profissional entre tradutores e intérpretes.
Em uma ponta há quem esteja cantando a caminho do banco ou, melhor dizendo, abrindo o app de internet banking com um sorriso de orelha a orelha. Na outra estão aqueles que, ainda perdidos, esperam tudo voltar ao que era antes na esperança de continuar a fazer o que sempre fizeram.
Nesta palestra, Richard Laver abordará sobre este espectro e como tradutores e intérpretes estão se posicionando em um mercado que mudou muito rápido e, portanto, exigiu (e continua exigindo) que quem não quiser ficar para trás se adapte em ritmo acelerado."
S04E16;Da Paraíba para o mundo: legendagem de curtas-metragens paraibanos — Victoria Cabral;"O projeto de extensão ""Da Paraíba para o mundo: legendagem de curtas-metragens paraibanos"" é vinculado ao curso de Bacharelado em Tradução da UFPB.
Desde 2016, faz tradução e legendagem de obras fílmicas produzidas no estado da Paraíba para viabilizar a participação de cineastas locais em eventos internacionais.
Ao longo de cinco anos, traduziu e legendou 23 curtas-metragens e dois longas-metragens, sobretudo nas línguas espanhola, inglesa e francesa. Seus objetivos também incluem aprimorar técnicas de tradução e de legendagem de discentes extensionistas, além de impulsionar o diálogo multidisciplinar."
S04E17;Mentoring: A ferramenta para conseguir uma carreira em tradução — Ana Saldanha;"Muitos recém-formados e novatos querem iniciar uma carreira no mundo da tradução profissional e não sabem o que fazer.
A falta de orientação e de informação proporcionada pelas Instituições de Ensino Superior deixa estes futuros tradutores perdidos e sem perspetivas de futuro profissional.
O Mentoring é uma ferramenta que, se bem utilizada, consegue colocar os novatos a trabalhar, no entanto, não há poções mágicas e o trabalho árduo é a linha a seguir."
S04E18;As novas práticas de legendagem com o avanço do streaming — Ygor Blanco;As mudanças no processo de criação de legendas com o avanço rápido dos serviços de streaming, comparando com os padrões de legendagem da televisão - desde a forma de marcar o tempo das legendas até a censura dos palavrões.
S04E19;Traduzir Machado de Assis: causos e percalços do Bruxo além-fronteiras — Pablo Cardellino;"Machado de Assis, maior nome da literatura brasileira, percebia a importância da tradução para seu projeto literário. No entanto, seus esforços junto á casa Garnier não deram resultado, e sua viagem por outras línguas começou de forma tardia e demorada. No entanto, foi uma viagem cheia de vicissitudes e felicidades, que confirmou a percepção que o Bruxo tinha sobre a tradução.
Esta palestra tem dois propósitos: primeiro, pontuar alguns momentos marcantes e representativos da história de Machado de Assis em outras línguas, e posteriormente tentar compreender, em alguma medida, como o texto machadiano facilita e dificulta a vida dos tradutores com alguns exemplos retirados de traduções para o espanhol."
S04E20;Norma linguística e tradução - o que é traduzir para o português brasileiro? — Marcos Bagno;"O português brasileiro é uma língua que há muito tempo apresenta características gramaticais específicas que a distinguem tanto do português europeu quanto das outras línguas da família românica (espanhol, francês, italiano etc.).
O trabalho de muitos linguistas tem feito a descrição minuciosa dessas especificidades, tentando demonstrar que a norma-padrão convencional não corresponde à realidade dos usos, nem mesmo das pessoas altamente letradas e dos escritores.
Esse conflito entre a norma convencional e os usos autênticos tem reflexos na prática da tradução.
A palestra vai discutir esse conflito com base na pesquisa linguística feita no Brasil há pelo menos cinquenta anos."
S04E21;Tradução técnica – Recursos e desafios — Sónia Tavares;"Creio que o maior desafio da tradução técnica é conseguir transmitir uma mensagem complexa através de linguagem simples (Plain Language), percetível por todos os leitores, independentemente do seu nível de competência linguística.
O perfil do tradutor técnico, o mercado da tradução técnica, o tipo de documentos, as normas e certificações, entre outros, serão alguns dos temas abordados nesta sessão.
Para concluir, serão apresentados alguns recursos valiosos no âmbito da tradução técnica. No final, terei todo o prazer em trocar ideias com os colegas presentes, pois partilhar é receber em dobro!"
S04E22;Sua amiga, a tradução automática — Silvio Picinini;A palestra defenderá abertamente o uso de tecnologia para tradução. Vai também falar de algumas coisas certas e erradas que você pode esperar da Tradução Automática e sobre algumas coisas que estão aparecendo nessa área.
S04E23;Às voltas com a Babel”: profissionalizando a gestão de uma empresa — Igor Lourenço e Isabel Borges;"Como qualquer organização, uma empresa júnior pode vivenciar crises ou necessitar reestruturar seus processos de gestão para fazer frente a fatores internos e externos.
O foco desta palestra é a Babel Traduções, empresa júnior da Universidade Federal de Uberlândia. O objetivo é mostrar e discutir o recente processo de “profissionalização” da gestão dessa empresa, conferindo destaque à gestão de projetos e às reflexões sobre o uso da tecnologia e seus impactos na constituição do texto traduzido entregue ao cliente.
As discussões incitadas por este estudo de caso, aplicáveis a quaisquer empresas de tradução, destacam o papel de uma gestão qualificada."
S04E24;Gerativismo - A gramática que está escondida no nosso subconsciente — Gii Agria;"Como aprendemos uma língua? O que é uma frase gramatical? Noam Chomsky chama de Gramática Universal nossa habilidade nata de adquirir a língua materna.
Ele explica, por meio de sua teoria chamada Gramática Gerativa, que temos regras gramaticais “guardadas” no nosso subconsciente e é a partir delas que “geramos” frases na nossa língua nativa.
Nesta palestra, Gii Agria traz uma representação visual de como tais regras funcionam na nossa mente de acordo com essa teoria, que é mais recente no ramo da sintaxe, apesar da discordância de muitos linguistas."
S04E25;Tradução em Direitos Humanos: oportunidades e desafios — Mariana Almeida;"Quando falamos sobre Direitos Humanos, logo pensamos em tudo o que envolve “ser” humano e o que precisa ser garantido para que as pessoas tenham uma vida digna e satisfatória.
O direito à liberdade, à expressão, à alimentação saudável e ao meio ambiente seguro são apenas alguns dos direitos que precisam ser traduzidos para as mais diferentes línguas.
Nesta palestra, Mariana apresentará algumas oportunidades de tradução das diferentes temáticas abordadas pelos Direitos Humanos, assim como alguns dos principais desafios que os profissionais da tradução podem encontrar nesta área tão relevante e necessária nos tempos atuais."
S04E26;O Jeito que a Gente Diz: em busca da naturalidade — Stella Tagnin;"Após uma breve apresentação de sua trajetória profissional e acadêmica, Stella apresentará dois dos corpora que compõem o Projeto CoMET – Corpus Multilíngue para Ensino e Tradução.
O CorTec é um corpus comparável, composto de textos técnicos em mais de 50 áreas, originais em português e inglês; o CorTrad.é um corpus paralelo, ou seja, de traduções, com textos literários, técnico-científicos e jornalísticos também nessas duas línguas.
Também serão apresentadas suas ferramentas e possibilidades de pesquisa."
S04E27;Quem está certo? A eterna batalha entre revisão e tradução — Fabiana Zardo;"Há décadas, tradutores e revisores travam uma batalha repleta de queixas, acusações e críticas.
Será que realmente precisa ser assim? É possível ter uma boa relação entre revisores e tradutores? Qual é o papel de cada um no processo?
Vamos conversar um pouco sobre revisão, controle de qualidade e como uma equipe de profissionais alinhados pode oferecer um produto de alto nível para o cliente."
S04E28;Vivendo da tradução em Portugal — Raissa Duboc;"Você trabalha ou tem vontade de trabalhar com tradução? Pensa em trabalhar como linguista freelancer fora do país?
Nesta palestra, a legendadora e mestranda Raissa Duboc falará um pouco sobre os vários caminhos que podem nos levar ao ramo da tradução e sobre as possibilidades de morar fora do país, comentando sua experiência e sua mudança do Brasil para Portugal."
S04E29;"Como aprimorar sua carreira na tradução com o voluntariado
How to elevate your translation career via volunteering
Catherine Christaki e Karen Tkaczyk";"Profissionais de idiomas adoram aprender. Você já considerou que o voluntariado em uma associação do setor pode ser uma excelente experiência de aprendizado? E da melhor maneira possível, porque você aprende com profissionais experientes em todo o espectro de nosso setor: freelancers em todos os estágios de suas carreiras, funcionários de agências, gerentes de projetos etc. Networking, prospecção e marketing por meio de voluntariado? Legal, hein? Junte-se a nós para uma apresentação sobre os muitos benefícios de ser voluntário em associações do setor e como você pode se envolver.


Language professionals love learning. Have you ever considered that volunteering for an industry association can be an invaluable learning experience? And in the best way possible, because you get to learn from seasoned professionals in the full spectrum of our industry—freelancers at all stages of their careers, LSP employees, localization project managers in client companies. How about networking, prospecting and marketing, for free, no travel involved, through volunteering? Neat, eh? Join us for a presentation about the many benefits you get as a volunteer in four industry associations (ATA, W.L., ITI & STC), and how you can get involved."
S04E30;A legendagem na publicidade: particularidades e novas tendências — Dafne Baddini;"Cada vez mais a Tradução Audiovisual (ou TAV) vem se sub-ramificando, levando o tradutor a ter de atentar para diferentes preferências e padrões de qualidade. Na área da publicidade e do marketing, não é diferente.
Nesta palestra, vamos debater com Dafne algumas particularidades do setor e repensar a legendagem sob uma ótica multimodal, à luz das ideias de Kress e Van Leeuwen.
Também apontaremos possíveis tendências e caminhos para garantir acessibilidade de forma atraente a esse mercado."
S04E31;De intérprete infantil oficial da família a intérprete profissional! — Katia Georges Chedraoui;"Eu nasci no Líbano e fui criada no Brasil, desde pequena fui tradutora e intérprete do meu avô, pois ele não falava português e eu gostava e não me importava de ficar o dia todo traduzindo pra ele tudo absolutamente tudo, como muitos filhos de imigrantes sempre traduzimos aos parentes que não falam o português.
Pelo meu avô conheci o Líbano morando em Petrópolis, ele me contava do povo, da comida do poeta Kalil Gebram que foi amigo dele, das praias lindas e claro da beleza do Líbano e dos libaneses, mas eu precisava ver para acreditar. Aos meus 14 anos eu fui conhecer esse país que tanto me falaram dele. Eu vi, acreditei e me encantei. Me encantei pela beleza do país, pelo povo tão acolhedor e claro pelo idioma que eu já conhecia e falava fluente, mas é diferente estar ali com eles, andar nas ruas de Beirute e estudar nas escolas Libanesas.
Conheci o Líbano de norte a Sul, fui professora de poesia e ainda dei aulas como ajudante de professor na escola. Foi no Líbano que conheci que existia uma profissão que se chama Tradução, como assim? Sim, acompanhei o meu tio para uma reunião na embaixada e fui sua intérprete consecutiva profissional aos meus 14 anos.
Quer saber? Foi muito fácil. Eu acredito sim que o meu avô foi meu grande professor."
S04E32;Legendagem: Descomplicando a Sincronia no Subtitle Edit — Matheus Maggi;"Sincronia de legendas é um assunto que faz muitos legendadores torcerem o nariz, dizendo que chegam até a arrepiar, mas será que realmente é um bicho de sete cabeças?
Nesta palestra, o legendador Matheus Maggi vai provar que sincronizar é mais simples do que parece, além de mostrar várias maneiras de realizar os mesmos processos, dando a oportunidade de você escolher a forma que achar mais confortável.
O objetivo é ver você dizer que a sincronia é a parte mais tranquila de uma legenda."
S04E33;Gestão Financeira: Planejamento, administração e gestão do dinheiro — Rodrigo Anunciato;"Esse bate papo tem como objetivo, passar por noções básicas da gestão financeira do seu negócio ou sua vida pessoal.
Rodrigo criou este material exclusivamente para o mercado de tradutores, tentando passar pelas dificuldades e angústia de alguns profissionais que ele conhece."
S04E34;EULA: usando a internet a nosso favor — Fernanda Vitarelli;"Já se deparou por aí com o termo EULA?
O End-User Licence Agreement é um documento bastante conhecido pelos tradutores da área de tecnologia, mas com o crescimento do setor, todos nós deveríamos conhecê-lo.
E como todo bom documento jurídico, ele não vem sem desafios. Os desafios são: Esse documento pode ser traduzido ou deve ser escrito pelo time jurídico local? Quais os impactos de um EULA mal traduzido? Qual a melhor forma de traduzir um EULA?
Todas essas perguntas serão respondidas hoje por Fernanda Vitarelli."
S04E35;Translation and Interpreting in the USA — David Rumsey;Translation and Interpreting in the USA This session will provide an overview of the translation and interpreting industry in the United States.
S04E36;Preparação de texto, que bicho é esse? — Laura Folgueira;"Antes de chegar a ser impresso, um livro passa por inúmeras etapas e, especialmente para quem ainda não trabalha com tradução editorial ou literária e tem a intenção de entrar nesse mercado, é essencial conhecer todos os processos.
Depois de traduzido, um livro segue para uma etapa muitas vezes desconhecida, mas importantíssima: a preparação de texto ou copidesque, que só costuma existir no mercado editorial.
Esse é o assunto desta palestra, que abordará técnicas e características de uma boa preparação; escopo do trabalho de preparação; os limites da intervenção no texto do tradutor: quando mexer e quando não mexer; relação com editores. Assim, espera-se que tradutores iniciantes ou aqueles mais experientes, mas que desejam começar no mercado editorial, saiam com um bom panorama."
S04E37;Como simplificar seu inglês na tradução técnica — Rômulo Faria;"A ASD-STE100 é uma norma internacional que apresenta um conjunto de regras de escrita e um dicionário de linguagem controlada desenvolvidos para facilitar a leitura e escrita de documentos técnicos.
É uma norma obrigatória no ramo da aviação desde 1986, quando uma pesquisa revelou que 80% dos clientes não eram falantes nativos de língua inglesa. Nos dias atuais, é amplamente utilizada em outros ramos, como automotivo, médico, de software etc.
Nesta palestra, Rômulo apresentará os conceitos básicos da ASD-STE100, as principais regras, o dicionário e inúmeros exemplos práticos para o tradutor dar os primeiros passos na escrita de manuais técnicos."
S04E38;Falando de tradução para localização (apps, softwares, sites) — Samira Spolidorio;"Nesta palestra, vamos entender com Samira alguns conceitos da área de localização (como internacionalização e culturalização) e também a diferença entre localização e tradução para localização, falando especificamente quais são as principais características e os maiores desafios da tradução para localização.
Samira também contará um pouco de sua trajetória na tradução de aplicativos de celular, softwares e sites, comentando os principais tipos de projetos nos quais tem trabalhado nesses últimos cinco anos."
S04E39;Linguagem neutra: a aplicação e seus desafios — Giovana Bomentre;Os fundamentos históricos, a importância atual e as aplicações práticas da Linguagem Neutra dentro e na comunicação corporativa e na literatura, por meio de exposição teórica e exercícios em conjunto.
S04E40;Jornalismo e tradução: tão íntimos e tão estranhos — Patrícia Franco;"O objetivo da palestra de Patrícia é discutir o lugar do tradutor e das traduções nos meios de comunicação.
Por um lado, a circulação global de informações abre um mercado enorme para tradutores e, por outro lado, a necessidade de difusão quase imediata das informações e a tecnologia forçam soluções nem sempre ideais.
Onde fica o tradutor nesse mercado? Onde é possível atuar? Jornalistas podem traduzir? Tradutores devem fazer parte das equipes dos meios de comunicação? Onde as duas áreas se encontram e onde divergem?"
S04E41;Filhos e Carreira: lições e dicas de tradutores e intérpretes — Luciane Camargo;Após duas rodadas de discussões com tradutores e intérpretes – que também são mães e pais, esta palestra de Luciane tem como objetivo trazer os destaques abordados nelas, compilando aprendizados e dicas de como conciliar o trabalho na área de tradução e interpretação com a vida pessoal quando se tem filhos. Pontos muito úteis e relevantes a serem refletidos e levados em consideração para os profissionais que se dividem entre essas duas funções ou mesmo para aqueles que estão entrando neste mercado de trabalho e têm filhos ou que já estão no mercado e serão mães e pais num futuro próximo.
S04E42;"Condições que devemos exigir para a interpretação remota
Condições que devemos exigir para a interpretação remota";"A pandemia levou a maior parte do trabalho de interpretação, de presencial a remoto. A interpretação à distância deu acesso a este serviço para muitas empresas e eventos que antes não podiam pagar, e abriu o mundo para muitos intérpretes geograficamente distantes das grandes cidades de conferências. A tecnologia se esforça para melhorar este serviço e atender às necessidades dos usuários, mas os interesses dos intérpretes muitas vezes são deixados de lado. Esta apresentação se concentra nas condições que os intérpretes precisam para fazer seu trabalho e para proteger sua renda, ativos, saúde, reputação e mercado em um ambiente onde a qualidade é frequentemente negligenciada para o lucro.

The pandemic took most interpreting work from in-person to remote. Distance interpreting gave access to this service to many businesses and events that could not afford it before, and it opened the world to many interpreters geographically away from the big conference cities. Technology struggles to improve this service and meet users’ needs, but interpreters’ interests are often set aside. This presentation centers on the conditions interpreters need to do their work, and to protect their income, assets, health, reputation, and market in an environment where quality is often overlooked for profit."
S04E43;Como sua mãe já dizia: você não é todo mundo — Regiane Winarski;"Num mercado pequeno e competitivo, de que forma podemos nos destacar? A prática demonstra que são as pequenas coisas que fazem uma grande diferença.
Nessa palestra, vamos ver com Regiane Winarski algumas dessas pequenas coisas que podem ajudar a dar destaque a um tradutor de livros.
Discutirão aspectos como texto, pesquisas, contato com as editoras, como praticar para estar mais preparado para o seu primeiro teste e como apurar seu olhar para a sua própria tradução. O objetivo não é esmiuçar detalhadamente cada um desses tópicos, mas fazer uma passagem abrangente e informativa para que cada um consiga encontrar seu caminho."
S04E45;Conhecimento é poder — Natalie Gerhardt;"Conhecer o caminho que o livro percorre desde a sua contratação pela editora até chegar ao leitor pode ajudar os tradutores a ter uma melhor compreensão do impacto de cada decisão tomada pelo editor.
Nessa palestra, Natalie pretende apresentar e descrever os principais processos editoriais pelos quais o livro passa para mostrar como a qualidade do trabalho e a pontualidade da entrega impactam o cronograma.
Também abordará como costuma ser feita a seleção de profissionais autônomos que prestam serviços editoriais. Além de apresentar o relatório de tradução que criou como uma ferramenta para preservar suas escolhas, facilitar o trabalho das etapas posteriores e ajudar o editor ou editora a tomar a melhor decisão para a obra."
S04E46;Italiano e português: tão parecidos e tão diferentes — Mauro Moser;"Ah, o italiano é fácil, é bem próximo ao português, né? É, mas nem sempre! Esta palestra vai fazer com que você evite perrengues, saias justas e constrangimentos.
O prato principal serão falsos cognatos e situações comunicativas que você precisa ter em mente na hora de falar com um italiano ou traduzir do italiano. Inclusive, o que significa “prato” em italiano?
Será uma palestra descontraída, aliás, ""palestra""? Opa, mais um falso cognato. Quer saber mais sobre esse termo e muitos outros?"
S04E47;Langue x Parole: uma discussão dicotômica “nesSAUSSUREa — Lia Bittencourt;A dicotomia saussureana serve de base para uma defesa da norma da Língua Portuguesa. É preciso dominar a língua em toda sua complexidade para escrever e traduzir com confiança. A fala (parole) é individual e dinâmica, está em contínuo movimento e é o motor da língua (langue) que, por sua vez, é comum a todos, social em sua essência e independe do indivíduo. É necessária para que a fala seja inteligível, e manter o padrão é importante para também manter o maior bem de qualquer nação, sua língua. Separar é muito mais fácil que unir. Mas unir é muito mais relevante e cada vez mais necessário.
S04E48;Máquinas, política e futebol: traduzindo do alemão — Marcelo Neves;"Novos rumos na política alemã recente chamam a atenção do mundo inteiro; a pandemia faz surgir termos na língua daquele país; as redes sociais e a globalização facilitam a incorporação de cada vez mais termos em inglês à língua de Goethe. Este e outros temas estão no radar de quem faz uso profissional do idioma alemão e precisa se atualizar constantemente. Em mais de duas décadas trabalhando como tradutor dessa língua em áreas tão diversas quanto seriados de TV, futebol e indústria automobilística, o palestrante conta um pouco sobre o desafio de se manter atualizado."
S04E49;FAQ de tradutores sobre finanças e investimentos — Isabela Fontanella;“Como organizar as finanças sem salário fixo? Precisa investir todos os meses? Vale a pena fazer previdência privada?” Essas são algumas das dúvidas mais frequentes que tradutores têm sobre dinheiro. A maior parte do conteúdo produzido sobre finanças pessoais fala com assalariados e não com autônomos. Por isso, depois de atender vários tradutores em sua consultoria, Isabela compilou as dúvidas mais frequentes e responderá a todas – sem cerimônias.
S04E50;A Sétima Maravilha das Organizações Internacionais — Mônica Lange e Claudinei Nunes;Um bate-papo com o objetivo de oferecer um panorama exclusivo dos principais organismos das Nações Unidas em Genebra e do funcionamento dos serviços de interpretação nas principais organizações. Eles também discutirão a crescente importância da língua portuguesa no mercado institucional.
S04E51;Achados de uma mentoria: o que aprendemos ensinando tradução literária — As pretextas;Há tempos as Pretextas queriam montar uma turma de mentoria. As oficinas de tradução literária que conduzem desde 2018 foram aos poucos plantando a ideia de que valia a pena pensar num formato de curso para quem sente necessidade de uma atenção mais individualizada, mas sem perder a troca com o grupo, que é sempre riquíssima. Elas conseguiram conjugar esses dois elementos a partir de outubro deste ano. Agora, passados três meses e encerrada a primeira turma da mentoria, querem compartilhar alguns achados e aprendizados que tiveram nesse período, seja na troca com os 16 mentorados, seja nos debates internos, na preparação dos encontros, ou mesmo na seleção dos exercícios e dos convidados e nos feedbacks individuais.
S05E01;Erros recorrentes em revisão e técnicas para solucioná-los;Nesta palestra, falaremos sobre o trabalho do revisor de textos, os principais tipos de erros que encontramos e algumas técnicas para solucionar problemas e ampliar o domínio linguístico e gramatical na função.
S05E02;A gênese da tradução da obra The Scandals of Translation, de Lawrence Venuti — Marileide Dias Esqueda;Com a expansão da ciência e das inovações tecnológicas, os Estudos da Tradução avançam a cada dia, aglutinando diferentes pontos de vista investigativos. Os pesquisadores dos Estudos da Tradução delimitam seus tipos e objetos de estudo, distinguem as metodologias empregadas, vinculam-se a determinadas escolas teóricas, contribuindo para a consolidação científica e profissional da área. Os esforços para tais tentativas de consolidação dos Estudos da Tradução merecem ser traduzidos, compreendidos e aferidos. Diante disso, além de expor a gênese da tradução para o português brasileiro da obra The Scandals of Translation, de Lawrence Venuti, um dos pesquisadores que tem contribuído para tal consolidação científica e profissional da área, esta apresentação também tem como objetivo apresentar dados cienciométricos relacionados a outros autores igualmente produtivos dos Estudos da Tradução e que têm implementado importantes estudos sobre a formação e profissionalização de tradutores no Brasil.
S05E03;Indo além da tradução: novos caminhos e oportunidades para profissionais do texto — Luciana e Ivar;Tradutores, antes de mais nada, são profissionais especializados em trabalhar com texto. Existem outras oportunidades de trabalho que podemos aproveitar quando o mercado parece não estar muito bom? É possível diversificar a área de atuação sem perder o foco da carreira? E o mais importante: isso dá dinheiro? Luciana Galeani Boldorini e Ivar Panazzolo Junior convidam os tradutores a conhecer algumas outras áreas nas quais os profissionais do texto podem atuar para conseguir mais oportunidades e explorar novos mercados.
S05E04;Per Aspera Ad Astra: a tradução de High Frontier 4 All — Ricardo Garcia;Considerado por seus fãs como um dos jogos de tabuleiro mais complexos e realistas já criados, High Frontier é um jogo altamente temático sobre a exploração, industrialização e colonização do nosso Sistema Solar. Fundamentado sobre os mais recentes conceitos e teorias da ciência, engenharia e astrofísica, o jogo aborda os aspectos científicos, tecnológicos, econômicos e políticos da exploração espacial, tornando sua tradução uma experiência única.
S05E05;Dicas para otimizar o seu processo de revisão — Luiza Leite Ferreira;Nessa palestra, Luiza falará um pouco sobre como é a revisão do ponto de vista de uma empresa de tradução, as etapas e particularidades que envolvem esse processo e oferecer algumas dicas e recursos para tornar a revisão um processo mais simples e menos doloroso para tradutores e revisores.
S05E06;Da boca para o texto escrito — Amarilis Okida;“Travessão, verbo dicendi, vírgula antes ou depois, espaço, aspas, deixa tudo na mesma linha, abre um novo parágrafo? Isso é pensamento ou fala? Faz diferença? Ah! Falar é fácil, mas reproduzir a fala nem tanto!”. Da boca para o texto escrito vem aí para responder a essas e outras questões relacionadas à tradução de diálogos.
S05E07;A comunicação intercultural pelos olhos de uma intérprete de japonês — Anna Ligia Pozzetti;A profissão do intérprete de conferências demanda estudo constante. A cada evento a terminologia deve ser revista e memorizada em contexto, pois o preparo prévio é um dos maiores aliados para uma interpretação de qualidade. No entanto, existe um outro fator que também tem importante impacto em garantir uma comunicação fluida e correta: a cultura. Conhecer as diferenças culturais entre os países pode ajudar o intérprete e as partes interessadas a se fazerem entender, seja em uma palestra ou em uma negociação comercial. A partir do ponto de vista de uma intérprete de japonês, vamos mergulhar no universo da comunicação intercultural enquanto falamos sobre as peculiaridades que envolvem o idioma e a cultura japonesa.
S05E08;Jogo de palavras: localização de jogos de tabuleiro — Paula Pizauro;Conheça mais sobre os desafios, a comunidade gamer e o mercado da localização de jogos de tabuleiro.
S05E09;Reflexões sobre a criação de recursos visuais a partir de conteúdos textuais — Mariana Casetto;Vivemos um momento em que as trocas de informações estão cada vez mais rápidas e visuais. Dessa forma, habilidades relacionadas ao trabalho com materiais visuais podem ser desejáveis e complementar a formação dos profissionais de comunicação, como tradutores, revisores e redatores. A criação de infográficos, resumos visuais e outros recursos visuais a partir de conteúdos textuais tem se mostrado um novo nicho de atuação e é isso o que pretendemos explorar e discutir nesse encontro.
S05E10;Tradução de jogos — O mercado brasileiro — Maryanne Linz e Edmo Suassuna;Neste bate-papo, falarão sobre o universo da localização (nome que se dá à tradução nesta área) de jogos, o mercado de trabalho, as etapas do processo de localização, com foco na tradução, quais são as exigências, as competências e os conhecimentos necessários para atuar no ramo e como é o dia a dia de um profissional da área. Você vai descobrir um pouco mais da realidade e dos desafios enfrentados nesse ramo empolgante e muito promissor na tradução e vai ter a oportunidade de fazer perguntas sobre o tema.
S05E11;Closed Caption: legenda com emoção — Diego Marsicano;Transcrever o que se diz não é representar o que se mostra. Legendar para quem não ouve vai além de apresentar os diálogos falados de um filme em palavras, é ter a sensibilidade de perceber que os sons e os silêncios também geram sentido e, portanto, devem ser descritos para que possam ser entendidos por quem não ouve.
S05E12;Ficção histórica: tudo serve para alguma coisa — Monique D'Orazio;Traduzir ficção histórica pode ser um desafio, porém fica mais fácil quando parte da curiosidade e se torna um exercício visual. Veremos como encontrar uma utilidade para todo aquele seu conhecimento de almanaque aparentemente inútil, que vai dos livros às séries de TV. História e geografia aprendidas na escola, história da arte, viagens turísticas, curiosidades sobre trajes históricos, arquitetura, costumes, objetos do dia a dia: tudo isso serve para alguma coisa na tradução de ficção histórica.
S05E13;Melhores práticas de LQA: um Fail diz tudo? — Andréa Gonçalves Pinto;Quem nunca sofreu com o resultado de um LQA que atire a primeira pedra! Ninguém, não é? Nesta apresentação, Andrea falará sobre algumas melhores práticas de LQA que podem ajudar as partes envolvidas em um projeto a trabalhar de maneira mais produtiva e profissional. Além disso, abordará as categorias de mudanças que devem ou não ser marcadas como erros, como lidar com os erros reais e como reconsiderar uma decisão se a sua avaliação como LQA Reviewer não tiver sido justa. Afinal, erros acontecem. O importante é saber lidar com eles.
S05E14;Legendagem em tempo real feita por estenotipia com tradução simultânea — Giovana Lara;Atualmente quando falamos de legendagem notamos, que além das pessoas com deficiência auditiva, o público geral faz uso indispensável das legendas. De acordo com o Digday, 85% dos vídeos do Facebook são assistidos sem som, ou seja, as legendas aumentam significativamente as chances de que a mensagem seja comunicada, tornando-as imprescindíveis para o expectador. Alguns softwares e apps podem gerar legendas automáticas, mas como fazer isso ao vivo? Como a tradução simultânea pode trabalhar com estenotipia para entregar legendas de qualidade? A experiência de quase 20 anos da STN Caption vai te ajudar.
S05E15;Os desafios na tradução de Uma mulher estranha, da escritora feminista turca Leylâ Erbil — Dr. Marco Syrayama De Pinto;Nesta palestra pretendo discursar sobre as dificuldades e desafios encontrados durante a tradução da obra da escritora turca Leylâ Erbil (1931-1971).
S05E16;Contra o terraplanismo linguístico na tradução — Jorge Davidson e Rane Souza;O pensamento terraplanista está presente em diversas áreas na atualidade, e a tradução não é uma exceção. Da recusa a aceitar o valor das reflexões teóricas e as pesquisas, acadêmicas ou não, até a desvalorização de toda e qualquer formação e a recusa a refletir sobre as mudanças que acontecem na língua, esse pensamento retrógrado está firme e forte entre muitos tradutores. Nesta conversa tentarão analisar e desmontar os fundamentos dessa postura que nega as mudanças que acontecem na língua e desvaloriza qualquer tipo de formação que não seja a prática.
S05E17;Equipamentos e RSI: o que fazer, o que não fazer, quando chorar — Daniel Maciel;Nesta palestra, Daniel Maciel dará um apanhado de algumas das boas práticas, das más práticas e das concepções errôneas que se consolidaram ao longo destes duzentos e vinte e seis anos desde o início da pandemia.
S05E18;O que é e como funciona uma boutique de tradução jurídica — Bruna Marchi;Bruna Marchi, advogada e tradutora, discorrerá sobre a sua experiência como fundadora de uma boutique de tradução jurídica e contará sobre sua experiência ao longo dos anos à frente da empresa.
S05E19;Cadê o original que estava aqui? Quando uma tradutora se torna copywriter — Lara Talhaferro;Na era do acesso instantâneo a infinitas opções de produtos e serviços, saber cativar seu leitor — e possível cliente — é uma estratégia valiosíssima. Criado para motivar a realização de uma ação, o copywriting é uma técnica de escrita de textos persuasivos, que visa aumentar engajamento e vendas. Mas, e quando uma tradutora se torna copywriter? Em que aspectos a formação em Tradução auxilia nessa jornada? Quais habilidades precisam ser desenvolvidas? Nesta palestra, Lara compartilha os aprendizados que levou consigo, os que adquiriu e os que busca enquanto trilha esse novo caminho — que seus colegas tradutores também podem vir a trilhar.
S05E20;Tradutores juramentados: mitos e verdades — Carolina Ventura;"Tradutor juramentado é funcionário público e ganha um salário super alto sem fazer nada; Tem muito glamour envolvido em ser tradutor juramentado; A “panela” dos tradutores juramentados não deixa abrir concurso para que tenham pouca concorrência; Tradutor juramentado só traduz texto chato, como documentos jurídicos, certidões...
Com certeza você já ouviu falar algo assim em relação a esse tipo de tradutor, não é?
Nesta palestra, Carolina Ventura apresentará quem é e o que faz o tradutor juramentado, discutindo mitos e verdades a respeito desse profissional tão desconhecido do público em geral e da própria comunidade brasileira de tradutores e intérpretes. Abordará suas peculiaridades em comparação ao tradutor não-juramentado e apresentará as características das traduções que produz. Por fim, explicará como se tornar um TPIC e comentará os desafios atuais relacionados a esse ofício."
S05E21;Variantes linguísticas: com que roupa eu vou? — Danny Reis;O que são registros do idioma? Podemos (e devemos) usar os vários registros da língua da mesma forma que escolhemos as roupas mais adequadas para cada ocasião da vida. Baseando-se em Marcos Bagno, Danny discutirá norma culta, graus de formalidade de um texto e mostrará alguns exemplos dos vários registros usados em cada tipo de texto com que trabalha: TCC, aulas EaD, livros de ficção e não ficção, audiolivros, revistas e produções audiovisuais (dublagem).
S05E22;Interação humano-computador na tradução: dos benefícios aos desafios — Rossana Cunha;O potencial da interação humano-computador para a tradução tem mostrado benefícios tanto para os usuários - que produzem traduções de alta qualidade - quanto para os modelos de processamento de linguagem natural, que conseguem aprimorar seus resultados a partir do feedback fornecido pelos usuários. O objetivo desta palestra é explorar as interseções da interação humano-computador (IHC), inteligência artificial e tradução automática, além de aplicações e a forma como o tema é abordado ela mídia. Espera-se assim elucidar os benefícios e desafios do uso da IHC na área de tradução, além de promover uma visão geral sobre o tema.
S05E23;Quality Assurance no cliente: o outro lado da mesa — Priscila Mottola;Sobre QA, em geral fala-se pouco. Sobre QA do lado do cliente, então? Só em ano bissexto. Entender a dinâmica e as expectativas do processo de QA no cliente pode virar a chave do seu trabalho, quer você se depare oficialmente com essa etapa ou não. Uma conversa que convida você a considerar seu papel, qualquer que seja, a partir de outra perspectiva.
S05E24;Localização de games: linguagem e mídia — Horacio Corral;A indústria de entretenimento digital é uma das maiores do mundo tanto em público, quanto em receita, tendo superado tanto a indústria da música quanto Hollywood. Games são uma mídia de natureza interativa. Os jogos digitais trazem um grande desafio para o tradutor já que, além do conhecimento da língua, a compreensão da linguagem e os conceitos dos games são essenciais para um bom profissional de mercado. A proposta desta palestra é abordar de maneira didática aspectos da tradução de games como internacionalização e localização, ferramentas e conceitos de criação de jogos, mídia e linguagem, e os desafios técnicos que esta mídia tão especial propõem.
S05E25;Versão brasileira: os desafios e as alegrias de adaptar canções para o português — Mariana Elisabetsky;Entrando em contato com os fundamentos da adaptação musical através de exemplos práticos de filmes e musicais versionados por Mariana Elisabetsky. E ainda um workshop para que você arrisque fazer sua própria adaptação musical. Os interessados receberão o material para versionar com antecedência e Mariana selecionará alguns deles para trabalhar em conjunto com a turma.
S05E26;UTF? ANSI? O que são codificações de texto, por que existem e como lidar com elas no trabalho de legendagem — Guilherme Gama;"Todo mundo que trabalha com legendagem já lidou com um arquivo cheio de ""minhoquinhas"", aquela legenda em que ""acentuação"" vira ""acentuaÃ§Ã£o"". Mas o que pouca gente sabe é que isso acontece por uma questão mais antiga até que os próprios computadores - as codificações de texto. Nesta palestra vamos examinar por que codificações existem, por que existem conflitos entre elas e como lidar com os problemas mais comuns que surgem no processo de legendagem."
S05E27;Mercado de trabalho — Teoria e prática — Isabel Riera;Nesta palestra, vamos conversar com Isabel sobre Localização e práticas do mercado sob a perspectiva de uma das maiores LSPs do mundo. O que causa uma boa impressão no processo seletivo e o que faz com que você seja prioridade para o seu cliente? Não tem fórmula mágica, mas vamos relembrar juntos alguns pontos que ficam perdidos na correria do dia a dia e fazem toda a diferença para você não só captar, mas firmar uma parceria de longo-prazo com seus clientes.
S05E28;Linux para tradutores — Rafa Lombardino;"Vamos deixar de lado a pergunta clássica ""Mac ou Windows?"" e refletir sobre a possibilidade de trazer o Linux para a nossa vida profissional. Rafa Lombardino, usuária da distribuição Ubuntu Linux há 14 anos e professora de tecnologias na tradução, vai falar um pouco sobre essa opção para quem ainda acredita que não dá para traduzir fora do binômio Apple-Microsoft. Vamos repassar os prós e os contras e ver quais programas, aplicativos e websites podem ajudar você a migrar para uma distribuição Linux sem interromper as suas atividades profissionais como tradutores e intérpretes."
S05E29;Uma porta para grandes oportunidades — Wania Grandesso;"Nesta palestra, Wania nos mostrará: Práticas do vendor management sob diferentes perspectivas; Por que as empresas vêm investindo fortemente no desenvolvimento de equipes altamente capacitadas na área de vendor management; A qualificação para o processo de seleção; Por que a certificação é tão importante; Como ter a melhor experiência de interação com as diferentes áreas da empresa; A diversidade de opções de atuação junto à empresa."
S05E30;A tradutora roqueira: livros, música e interação com os leitores — Candice Soldatelli;Imagine ser fã de rock desde a pré-adolescência e, anos depois, trocar e-mails com um dos maiores bateristas de todos os tempos para tirar dúvidas sobre tradução? Mais que um sonho realizado, é uma responsabilidade imensa. Nessa palestra, falo sobre como traduzir livros sobre música me aproximou dos meus ídolos, dos fãs das bandas e de todo o universo das gravadoras, da crítica musical, dos shows e, principalmente, do amor pela arte que é a trilha sonora das nossas vidas. Pesquisas, entrevistas, trocas de mensagens, visitas in loco, revisão técnica e a relação próxima com os autores dos livros, revisores e preparadores de originais: todos os passos de uma jornada profissional em busca da melhor tradução possível.
S05E31;Dicionário Gastronômico: receita e degustação — Rozane Rebechi;Nesta apresentação, Rozane falará sobre a construção do Dicionário Gastronômico. Trata-se de um material terminográfico português < > inglês desenvolvido segundo os princípios da Linguística de Corpus. O objetivo do Dicionário é oferecer aos tradutores e redatores de textos culinários, especialmente de críticas gastronômicas, opções de tradução e exemplos de uso extraídos de textos autênticos, considerando-se as diferenças do gênero entre as duas línguas e culturas. O Dicionário foi testado com tradutores em formação, e os resultados comprovaram que o material auxilia na produção de textos convencionais na língua de chegada. Diante desse resultado positivo, o Dicionário está sendo adaptado para uma termbase.
S05E32;Qual é a dimensão do mundo do tradutor? — Juliana Pazetti;"O que ser tradutor representa para você? Basta conhecer dois idiomas e, hoje, ter computador com internet? 
Nessa palestra, Juliana abordará como podemos (ou devemos) olhar para o mundo como um ambiente de trabalho regular e cheio de oportunidades. Mostrará que o mundo do tradutor não se limita apenas a traduzir, que ele envolve também várias outras frentes de um negócio que pode ser local ou global."
S05E33;Tradução de textos de turismo e viagem: características e teoria funcionalista — Sofia Pulici;Muitos tradutores pensam que textos de turismo e viagem são genéricos e não é preciso especialização para traduzi-los, mas, quando aceitam um projeto da área, acabam tendo muitas dificuldades por não entender algumas características do texto ou sua função, tornando o trabalho penoso ou entregando menor qualidade.
S05E34;Traduzindo Neil Gaiman e outras criaturas fantásticas — Renata Pettengill;Um passeio pela experiência de como foi traduzir, de Neil Gaiman, “O oceano no fim do caminho”, “A bela e a adormecida”, “Hora nenhuma: o décimo primeiro doutor” e “Como falar com garotas em festas”. E como essa experiência se compara com a tradução do “A culpa é das estrelas” e “O teorema Katherine”, de John Green, e do “Em busca de Wondla” e “Um herói para Wondla”, de Tony DiTerlizzi, e, por fim, com o “Holy Cow - uma fábula animal”, de David Duchovny.
S05E35;A Tradulação de Krazy Kat e Otros Kuadrinhos Komplicados (sic) — Érico Assis;Um relato e uma conversa sobre a tradução de Krazy Kat: 1916-1918, de George Herriman, e outras experiências na tradução de quadrinhos.
S05E36;Os paralelos entre o trabalho do tradutor dos serviços de inteligência e o trabalho do tradutor freelancer — Melissa Harkin;O trabalho de um tradutor dos serviços de inteligência não é sentar em um canto e simplesmente traduzir o dia todo. O foco do trabalho é fazer análises. Para isso, diversas habilidades e conhecimentos são necessários para que o produto dessa análise possa ser usado. Além disso, é preciso trabalhar em equipe. O trabalho de um tradutor freelancer não é muito diferente. Nesta palestra, você aprenderá um pouco sobre o trabalho de um tradutor dos serviços de inteligência e como usar os mesmos métodos e ferramentas para melhorar a qualidade do serviço que você oferece.
S05E37;O papel vital de comunicação do revisor — Marsel de Souza;As responsabilidades do revisor vão além da mera eliminação de erros e falhas no texto. É seu dever também oferecer feedback ao contratante acerca da qualidade da tradução. Nesta apresentação, Marsel tratará da importância da conduta criteriosa não apenas na revisão, mas em algo que pode exigir ainda mais do revisor: a comunicação de um feedback útil e preciso ao contratante quando este não fala/entende a língua da tradução. Mostrará o valor dessa habilidade também para além da função de revisão. Além de falar sobre fatores que influem no trabalho do revisor e identificaremos sinais de maturidade em sua relação com o tradutor e o contratante.
S05E38;As palavras e nossa mitologia pessoal — André Gabeh;André falará sobre a influência do vocabulário em nossas escolhas estéticas e sobre a importância de entender nossa sensibilidade a alguns símbolos.
S05E39;Do Sul do Brasil ao Norte da América do Norte: como internacionalizei minha carreira no Canadá — Bruna Beatriz;"Desde cedo, Bruna sentiu a vontade de viajar para aprender idiomas e já se anunciava um grande amor por cultura e idiomas. Após terminar a faculdade e sem muita certeza de seu próximo passo, uma luzinha se acendeu ao descobrir que a tradução era uma carreira com diversas possibilidades e encantos — que foram se apresentando ao longo do caminho. Com três anos de bagagem tradutória, seu novo norte passaria a ser o ""Plano Canadá"". Hoje, com uma filha que cresce em um ambiente trilíngue, um marido que é apaixonado por games e experiências de trabalho que nunca imaginou ter, Bruna entende que a internacionalização de sua carreira foi o resultado de intuição, necessidade e formações prévias. Venha descobrir com Bruna Beatriz as etapas dessa jornada!"
S05E40;Born to be global — A importância da tradução de SEO — Luana Santos;"O que é SEO e SEM? Como este serviço pode impactar seu cliente que deseja atuar em mercados globais? Atuar em um novo país e produzir um produto globalizado exige que as estratégias de marketing estejam alinhadas com as estratégias linguísticas. 
Como tradutores, devemos analisar a situação do cliente, entender suas necessidades e oferecer o serviço correto para que nosso trabalho seja eficaz. A tradução de SEO caminha juntamente com a comunicação intercultural e desempenha papel fundamental no sucesso de grandes empresas. Nesta palestra, Luana Santos discutirá sua importância e quais ferramentas os tradutores podem utilizar para melhor desempenhar seu trabalho."
S05E41;Traduzindo marketing — Filipe Alverca;Com tantas áreas na tradução, a localização de marketing é mais uma possibilidade de atuação. Além do traquejo linguístico para produzir traduções que soem como se tivessem sido escritas originalmente na língua de destino, quem traduz marketing precisa estar por dentro de conceitos que, além de facilitar o trabalho, ajudarão as marcas a alcançarem seus objetivos. Neste encontro, Filipe abordará conceitos básicos relacionados ao Marketing, tendências na tradução e dicas para afiar a criatividade.
S05E42;Da tendência à palavra: uma introdução à tradução de moda — Júlia Jacóbi;Uma área muito comum e presente no cotidiano, a moda é muitas vezes considerada algo supérfluo e/ou corriqueiro. Mas será que traduzir moda é tão simples assim? O que é, afinal, a tradução de moda? Com que tipo de material esta área técnica da tradução trabalha? Como se especializar nessa área e onde encontrar termos técnicos? Estas são algumas questões que Júlia abordará nesta palestra.
S05E43;Tudo que eu posso dizer sobre tradução audiovisual sem quebrar nenhum sigilo — Daniel Erlich;O mercado de streaming cresceu muito, expandiu e se diversificou, em muitos sentidos. Com isso, os produtos linguísticos e fluxos de trabalho dos tradutores que suportam esse mercado altamente internacional também vêm evoluindo e amadurecendo. Daniel Erlich vai contar sobre as suas experiências como tradutor de AV - sem quebrar nenhum sigilo, é claro, pois já adianta que confidencialidade é o fator mais importante na área.
S05E44;Tradução animal! Uma ou duas coisinhas que você precisa saber antes de se aventurar nos textos de medicina veterinária — Luciana Bonancio;Nesta conversa com Luciana Bonancio vamos dar uma olhada no grande mercado da saúde animal e analisar algumas diferenças entre humanos e animais que podem ajudar na hora de traduzir um texto de medicina veterinária. Vai ser o bicho!
S05E45;Qualidade da tradução na era da revolução tecnológica — Aline Tomasuolo;Logo após a revolução industrial, vimos o nascimento da área de “controle de qualidade”, fundamental para reduzir erros e garantir uma qualidade consistente. O mercado de tradução passa agora por uma revolução similar. Tradução automática avançada, CAT tools cada vez mais sofisticadas, inúmeros softwares de revisão textual. A revolução tecnológica transformou completamente os métodos de tradução. Ferramentas e metodologias de controle de qualidade podem e devem ser adotadas no dia a dia de todos os tradutores. Nessa palestra, vamos conversar um pouco com Aline Tomasuolo sobre como implementar um controle de qualidade eficaz usando todas as ferramentas tecnológicas em favor do tradutor e uma tradução de qualidade.
S05E46;Línguas de trabalho: o que são e como mantê-las afiadas — Christiano Sanches;Como são classificadas as línguas de trabalho na interpretação? Como manter minhas línguas de trabalho atualizadas e prontas para serem usadas em qualquer circunstância? O que devo fazer quando tenho mais de uma língua de trabalho? Estas são algumas das perguntas que serão respondidas nesta palestra de Christiano Sanches.
S05E47;Jurídico e ciência na interpretação de noticiário — Denise Bobadilha e Natalie Graue;As coberturas jornalísticas de grandes eventos estão repletas de convenções e termos jurídicos - mas outros temas também exigem atenção, como a ciência, presente na cobertura da pandemia e dos programas espaciais. As intérpretes Denise Bobadilha e Natalie Graue, sócias da House of Words – uma empresa de interpretação que atende à CNN Brasil –, já interpretaram a cobertura de eleições, guerras, assembleias internacionais e notícias do mundo do entretenimento, da segurança pública e da ciência e contam um pouco sobre essas experiências.
S05E48;Arquivar, organizar e traduzir — Any Marry;A maioria de nós tradutores somos autônomos e trabalhamos sozinhos. Com isso, todo o fluxo de trabalho desde o recebimento e procura de propostas e projetos, o prazo e pagamento, além de ferramentas de apoio como memórias de tradução, textos de referências, livros, dicionários, glossários e arquivos de projetos anteriores, cai nas nossas mãos ou computadores. A maioria de nós tradutores somos autônomos e trabalhamos sozinhos. Com isso, todo o fluxo de trabalho desde o recebimento e procura de propostas e projetos, o prazo e pagamento, além de ferramentas de apoio como memórias de tradução, textos de referências, livros, dicionários, glossários e arquivos de projetos anteriores, cai nas nossas mãos ou computadores. Com essa palestra, Any busca ajudar tradutores a encontrar a melhor maneira (para cada um) de arquivar seus materiais e facilitar o trabalho do dia a dia.
S05E49;O método Starbucks aplicado ao mundo da tradução — Aline Tomasuolo;Aline Tomasuolo volta com sua palestra estreante apresentada no IX Congresso da Abrates! Qual foi a chave do sucesso da Starbucks? A empresa inovou completamente a experiência do consumidor, buscando ir muito além de um produto de qualidade. Nós tradutores também precisamos entregar muito mais que uma tradução de qualidade. A Starbucks criou uma fórmula que combina atendimento personalizado com um produto de alta qualidade. E essa fórmula pode ser usada em qualquer área, inclusive na tradução. Nesta palestra, vamos conversar com Aline sobre como aprimorar a experiência do seu cliente de ponta a ponta. O resultado? Um cliente feliz, que te contrata de forma recorrente e também indica e recomenda seu trabalho.
S05E50;Termos de negócios e finanças que todo tradutor deve conhecer — Isa Mara Lando;Termos de negócios e finanças que todo tradutor deve conhecer
S06E01;Localização + SEO = Sites que agradam o Google — Teresa Sousa;A localização de conteúdos otimizados para os sites de pesquisa (também designada de Tradução para SEO) é uma área em grande expansão no nosso setor. Nesta palestra, vamos descobrir com Teresa Sousa os novos serviços linguísticos relacionados com SEO, que têm muita procura no mercado, e como podemos oferecê-los aos nossos clientes. Veremos também de que forma podemos aplicar os conhecimentos de SEO à nossa estratégia de marketing digital, conseguindo criar (ou melhorar) nossos sites de forma eficaz.
S06E02;"LocJAM - Soluções ""PraVer"" — Luiz Fernardo Alves";Uma análise de duas edições do LocJAM, concurso internacional de localização de games, com um passo a passo dos processos e apresentação de algumas soluções que renderam a vitória nesses dois anos.
S06E03;Esports e jogos digitais competitivos — O que são, por que são importantes e casos de tradução e interpretação — Bhernardo Viana;O mundo dos jogos digitais é muito conhecido por várias pessoas. Muitos já baixaram um jogo no celular ou viram parentes e amigos jogando alguma coisa. Mas mesmo para quem conhece os games, o mundo dos esportes eletrônicos ainda é um mistério. O que são, afinal, os esports? Como as pessoas vivem disso, por que são uma tendência e qual é a situação da tradução no ramo?
S06E04;Inventar o trabalho dos outros? — Carlos Rutz;Teorias à parte, a prática exige de quem traduz um arsenal de soluções ora geniais, ora óbvias, mas que às vezes são meras saídas honrosas. De onde vêm essas soluções? Tem pra vender? Frequentemente, nossa jornada perde a tão preciosa fluidez diante das decisões a serem tomadas. Ossos do ofício. Mas... quanto do que fazemos é inventado por nós? E quando o trabalho do autor vira apenas (se tanto) inspiração para nossa criação no idioma de destino? Carlos nos convida a jogar uma luz nessas questões pra enxergar nosso papel, o de quem (também) inventa o trabalho dos outros.
S06E05;Interpretando Altas Autoridades — Cláudia Chauvet;"O desafio de interpretar altas autoridades, chefes de estado e de governo exige não somente conhecimento linguístico, político, econômico e geográfico, mas bastante ""jogo de cintura"". A experiência técnica e profissional do(a) intérprete conta muito, mas saber fazer a leitura do momento e da atmosfera tem valor igual ou maior para a ocasião da interpretação em si."
S06E06;Minha nenhuma tradução é perfeita. Como aprender com a preparação de texto — Jana Bianchi e Fernanda Castro;Da sábia vovó ao coach picareta, todos concordam em uma coisa: aprender com os erros é fundamental. E dentro da tradução, em que adquirir conhecimento através da prática é comum, a preparação de texto surge como uma ferramenta essencial a quem quer melhorar o próprio texto e expandir horizontes, inclusive técnicos. Nesta palestra, Jana Bianchi e Fernanda Castro — que além de traduzir também preparam textos, inclusive uma da outra — vão compartilhar suas experiências aprendendo com os próprios erros (analisando as próprias traduções preparadas) e com os erros de outras pessoas (trabalhando com preparação).
S06E07;Um passeio pela construção da literatura norte-americana —Tereza Marques de Oliveira Lima;Partindo do conceito de literatura como manifestação artística processada pela linguagem e realizada num contexto cultural, nesse passeio nosso guia será o escritor, um ser social que dá voz a outros seres sociais. Vivendo numa sociedade em transformação, irá analisá-la, expondo suas vísceras e pensamentos, na magia da representação, onde realidade e ficção criam cosmogonias. Assim, veremos as construções identitárias do sujeito americano sendo processadas. Acompanharemos sua evolução até hoje, um habitante de um Estado composto por muitas nações. Não um melting pot, mas um país de fragmentações visíveis e gritantes na sua literatura de muitas faces.
S06E08;O nascimento e o renascimento da literatura traduzida — Ellen Maria;"A tradução literária é considerada um produto cultural de uma época, datada e marcada pelas escolhas lexicais, de sintática e semântica (entre outras) de seu criador. Ao mesmo tempo, a tradução é um trabalho tratado por aquele que traduz como algo para durar, para ter a pretensão de ser atemporal, sem caducar junto com uma geração. Falaremos da vida e da pós-vida da literatura traduzida, seja esta prosa ou poesia; do que tem do “hoje” e o que precisa ser pensado para que a mesma sobreviva “amanhã”; das aproximações e distâncias do texto original, do leitor e do tanto que está entre eles."
S06E12;RSI 3 anos depois do fim do mundo: um balanço;
S06E13;Da tradução à versão: novos desafios para uma tradutora emigrante — Simone Campos;"Simone revela como se iniciou na profissão de tradutora no Brasil e fala sobre sua transição de tradutora técnica a literária. Serão comentadas algumas obras marcantes nessa trajetória, como Os testamentos (Margaret Atwood) e A história secreta de Twin Peaks (Mark Frost). Por fim, ela conta como sua experiência morando nos EUA durante 4 anos alicerçou seu ingresso no mercado da versão português-inglês, revelando também o desafio das adaptações nas versões do quadrinho distópico ""Trato sujo"" (de PJ Kaiowá) e do romance LGBTQI+ Elvis e Madona, de Luís Biajoni."
S06E14;Que tempo bom, que não volta nunca mais — Karina Wuo;Karina mostra nesta palestra como se organizar para conseguir cuidar de tudo o que nossa vida de profissional freelancer exige. Será que a procrastinação pode ser usada a nosso favor? Descubra com Karina Wuo.
S06E15;Mais de 10 maneiras de traduzir provérbios e expressões idiomáticas — Reginaldo Francisco;Provérbios e expressões idiomáticas são itens lexicais complexos, cristalizados na língua e de sentido conotativo. Por essas características, sua tradução sempre apresenta alguma dificuldade e exige uma tomada de decisão pelo tradutor. Ao final, os participantes serão capazes de ver como existe uma variedade de possíveis soluções, decisões e efeitos criativos muito maior do que geralmente se pensa para traduzir esses elementos.
S06E16;A interpretação consecutiva e outras práticas que te tornam um melhor intérprete de simultânea — Luana Carvalho;Essa palestra apresenta um viés pedagógico para conscientizar o intérprete que a prática recorrente de atividades diversificadas é o que aprimora as competências necessárias para exercer a profissão.
S06E17;TQAuditor grátis para tradutores — Jean Trindade;O objetivo desta palestra é mostrar como usar a função gratuita do TQAuditor para comparar arquivos bilíngues de tradução. Com ele, é possível gerar um relatório de alterações para conferir o que mudou em uma tradução após sua revisão. É útil tanto para tradutores quanto para revisores. O TQAuditor é uma ótima ferramenta para revisores fornecerem um feedback mais completo. Veremos os formatos compatíveis, as opções disponíveis do sistema, a exportação dos relatórios em Excel e dicas para entregar um feedback de qualidade.
S06E18;Interpretação de auditorias e acompanhamento — Carmen Reis;Talvez, a cabine pareça um lugar seguro, afinal ficamos quietinhos no nosso “aquário” transmitindo a nossa voz. O que fazer quando precisamos sair dela? Muitas vezes, é preciso viajar, cruzar o país, usar EPIs, visitar ambientes que nunca imaginamos conhecer, enfrentar o ruído das fábricas, superar um clima tenso em que um pequeno deslize pode ser um risco para o bem-estar da empresa e, muitas vezes, até para a nossa integridade física. Conto com a presença de vocês para compartilhar experiências nessa área, em que adoro atuar.
S06E19;Desafios ao traduzir um artigo científico do inglês indiano ao português — Sofia Pulici;Estamos tão acostumados a traduzir textos do inglês americano ou britânico que às vezes nos esquecemos que existem outras variantes do inglês mundo afora, com seus próprios desafios e características. Nesta palestra, farei uma apresentação de diversos desafios (relacionados à gramática, pontuação, entendimento de terminologia etc.) encontrados ao traduzir um artigo científico escrito originalmente em inglês indiano e contendo terminologia da Medicina Ayurveda.
S06E20;A importância do networking para o tradutor — Felipe Tomasi;Embora tenha começado a carreira de tradutor em 2010, demorei para fazer networking. Por muitos anos, tive dificuldades em conhecer outros tradutores e participar de congressos de tradução. No entanto, resolvi enfrentar o desafio e comecei a participar de congressos e webinars. Nessa palestra, quero mostrar como o networking pode alavancar a carreira do tradutor e os frutos decorrentes da participação em eventos e do contato com colegas.
S06E21;Como é o credenciamento para intérpretes na UE: requisitos e a prova — Alexandra de Vries;Nesta palestra, Alexandra fala sobre sua experiência de fazer um mestrado em Interpretação de Conferências na Glendon College já com 14 anos de experiência como intérprete e com 47 anos. Um dos motivos para fazer o mestrado foi para se candidatar para a prova de credenciamento da União Europeia. Alexandra também explica que a prova, que ela fez em 2019, envolve a interpretação simultânea e consecutiva de discursos em diferentes combinações de idiomas, abrangendo uma ampla gama de tópicos, desde política e economia até direito e meio ambiente.
S06E22;Tradutor: um eterno aprendiz — Cláudia Fleith;Nesta palestra, Cláudia Fleith aborda vários aspectos da necessidade de aprendizado constante que fazem do tradutor um eterno aprendiz. Desde o estudo dos idiomas, até a atualização frequente das diversas ferramentas que você precisa para atuar como tradutor, seja como pessoa física ou empresa.
S06E23;Tradução pública: como era e como ficou após a nova legislação — Jorge Rodrigues;O ofício de Tradutor Público e Intérprete Comercial, agora Tradutor e Intérprete Público, mas mais conhecido como tradutor juramentado está passando por mudanças importantes desde a promulgação da nova lei e instruções normativas que passaram a reger o ofício. Vamos conversar sobre como era antes e como será daqui para frente – pontos positivos, negativos e indefinições.
S06E24;Tradução criativa na localização de jogos — Ivan L. Lopes;Muito se fala sobre a diferença entre tradução e localização, mas é difícil visualizar as diferenças e semelhanças sem exemplos práticos. Nessa palestra, pretendo explicar brevemente o que é localização e oferecer um panorama do tipo de material que um tradutor de jogos recebe no dia a dia. A seguir, irei apresentar casos de sucesso, tirados de jogos de diversos gêneros, compará-los com o texto original e pensar sobre as escolhas feitas por cada tradutor. Os exemplos também contemplarão diferentes tipos de texto que podemos encontrar nessa mídia, variando desde diálogos, mensagens de sistema, nomes próprios e até músicas.
S06E25;Montando passo a passo uma macro no Word — Victor Almeida;Neste curso básico de macros para Word, você aprenderá a automatizar tarefas repetitivas e agilizar seu trabalho na hora de revisar. Através de uma abordagem prática, vamos criar e executar macros personalizadas. Descubra como gravar ações para tornar suas tarefas diárias mais eficientes.
S06E26;Como a dramaturgia influencia a tradução audiovisual — Jacqueline Plaça;A oferta cada vez mais instigante de filmes, séries e documentários, impulsionada pelas plataformas de streaming, tenta atingir cada vez mais públicos diferentes, em diversos países e idiomas. As equipes de roteiro e direção se esmeram em deixar seus diálogos, personagens e montagem mais cativantes que nunca. No momento da distribuição desses filmes, as equipes de tradução audiovisual têm pouco tempo e informação sobre o material. Nessa palestra, vamos entender a influência da dramaturgia na TAV.
S06E27;Exorcize o seu texto: acabe com os possuídos! — Cláudia Mello Belhassof;Para traduzir bem, é importante conhecer a língua-fonte (a do original), mas é mais importante ainda conhecer a língua-alvo (a da tradução). A língua portuguesa é traiçoeira e cheia de sutilezas que podem levar a erros. Esta palestra pretende facilitar a escolha de termos mais naturais, além de ajudar na redação de textos mais fluidos, que não pareçam ter sido copiados palavra por palavra do idioma original. Os exemplos são reais, acumulados ao longo dos anos de tradução e revisão de livros.
S06E28;Rebranding: como se reinventar – sem reinventar a roda — Ana Carolina Ribeiro;Trocar de nome comercial/e-mail/telefone? A essa altura do campeonato? Como eu vou explicar isso para os clientes? Quando já estamos relativamente estáveis em nossa posição profissional, qualquer mudança precisa ser avaliada cuidadosamente. Mas, para progredir, não podemos ficar sempre no mesmo lugar. Uma mudança de nome, de estado civil e de continente depois, Ana Carolina Ribeiro conversa sobre o processo de renovação de sua marca profissional, apresentando as vantagens e desvantagens, contando os perrengues (e as voltas que deu para resolvê-los) e dando dicas para quem estiver pensando em seguir a mesma trilha.
S06E29;Exemplos práticos de multiculturalismo na tradução de inglês e português — Stephan Hughes;O multiculturalismo é uma ponte entre culturas e a tradução é uma ferramenta importante para a troca de conhecimentos e experiências. A tradução é vista por Spivak (2005) como um relacionamento ético com o texto do outro. A presente palestra visa explorar as nuances e os desafios do multiculturalismo entre o inglês e o português, assim como demonstrar a importância da competência intercultural e estratégias sociopolíticas para se ter uma tradução multicultural mais precisa e eficiente.
S06E30;Comunicação Acessível: Estratégias para integrar a acessibilidade a teatro, redes sociais, palestras e outras formas de diálogo — Fernanda Brahemcha;Como estratégias de verbalização e de reorganização das informações podem nos ajudar a compor uma comunicação mais acessível, que comunique também às pessoas com deficiência visual? Nessa palestra vamos refletir um pouco sobre como estruturamos a nossa comunicação em múltiplas vias, e como somar essas vias para emitir mensagens de forma mais acessível, passando pela audiodescrição como recurso, mas dando foco às ferramentas textuais que podem ser aprendidas a partir dela e além dela, e que podem ser aplicadas por todas as pessoas em contextos variados.
S06E31;I've Known Rivers - A tradução e o mercado editorial sob a perspectiva negra — Karine Ribeiro;Nesta palestra, Karine reflete sobre sua trajetória na tradução e nos bastidores do mercado editorial enquanto mulher negra e periférica, com enfoque na experiência de traduzir e editar os mais diversos gêneros, de biografias de importantes figuras da história negra ao romance contemporâneo jovem escrito por e feito para pessoas negras.
S06E32;Para (não) audaciosos: por uma Poética do Traduzir — Amanda Moura;“Um convite ao tradutor, o de inscrever-se no texto traduzido”, assim a tradutora Jerusa Ferreira descreve Poética de Traduzir (1999), de Henri Meschonnic, obra publicada no Brasil em 2009. Levando em conta o discurso crítico e combativo desse teórico da linguagem, da literatura e da tradução, neste encontro abordaremos os temas centrais defendidos por Meschonnic e por que o seu convite a favor da audácia e contra o apagamento é também um chamado para compreender as fronteiras entre a língua e o discurso, sendo esse último “[...] o próprio lugar em que se constrói a escrita” (2009, p. 146).
S06E33;Qualificações e possibilidades para o profissional pós-editor — Andréia Souza e Larissa Albaladejo;A atuação do linguista tem se expandido de maneira dinâmica e essa mudança tende a acelerar ainda mais. O profissional deve se manter atualizado com as demandas do mercado e explorar as possibilidades na profissão, como é o caso da pós-edição da tradução automática. Apresentaremos as linhas gerais do serviço: como se preparar e adquirir experiência, quais são as boas práticas de mercado, habilidades técnicas e comportamentais, o ponto de vista da norma reguladora e como se qualificar e ter as competências necessárias para ser pós-editor.
S06E34;Por que preciso pensar sobre racismo se não sou racista? — Patricia Souza;Como profissional da tradução ou da interpretação, suas palavras alcançam muita gente. Mesmo comunicando ideias de outras pessoas, a linguagem é sua, e você é responsável por suas escolhas terminológicas e discursivas. Além disso, você faz parte de uma sociedade na qual o racismo existe há séculos. Embora seu enfrentamento ainda esteja muito atrasado, as questões étnico-raciais vêm ganhando cada vez mais espaço no debate público. Do ponto de vista profissional, social e pessoal, por que é tão importante você pensar (e falar) sobre racismo? Vamos conversar sobre isso e tentar fazer algumas reflexões dentro dessas três esferas.
S06E35;Language Lead? Que bicho é esse? — Mariana Ciocca Alves Passos;A função de Language Lead (especialista em um idioma) existe tanto do lado de quem oferece serviços de tradução quanto de quem compra esses serviços. No entanto, as responsabilidades e expectativas podem ser bem diferentes dependendo de qual lado estamos. Mariana oferece um panorama do que é esperado pelo cliente final e reflete sobre como a experiência em tradução, revisão e teste linguístico a ajudou quando teve a oportunidade de trabalhar nessa função.
S06E36;Desafios da tradução — Renata Machado;"A carreira de tradução é desafiadora por diversas razões. Primeiramente, cada idioma tem suas próprias nuances, regras gramaticais, expressões idiomáticas e vocabulário único. Além disso, como tradutores devemos ser sensíveis às diferenças culturais entre os idiomas, levando em conta contextos sociais, históricos e culturais para garantir que a mensagem seja apropriada e compreensível para o público-alvo. Importante lembrar que podemos ser chamados para trabalhar com uma ampla variedade de tópicos e campos, desde traduções técnicas e científicas até traduções literárias e de marketing. Cada um desses campos apresenta seus próprios desafios e terminologia específica.
Muitas vezes enfrentamos prazos apertados, especialmente em situações de tradução de última hora. Isso pode aumentar a pressão e o estresse. Embora as ferramentas de tradução assistida por computador (CAT) e a inteligência artificial possam nos ajudar, elas não substituem a criatividade e o julgamento humano necessários e extremamente essenciais para produzir uma boa tradução. Precisamos nos manter atualizados com as mudanças na língua e no uso de termos e expressões e saber lidar com a pressão para garantir a qualidade, já que uma tradução de má qualidade pode ter sérias consequências, desde mal-entendidos em comunicações até perdas financeiras desastrosas em negócios internacionais... o que gera para nós uma pressão ainda maior para produzir um trabalho de alta qualidade.
A globalização ainda trouxe uma competição global para a indústria de tradução, o que significa que nós tradutores muitas vezes precisamos ser e nos manter altamente qualificados e competitivos para encontrar oportunidades de trabalho, além de cuidar dos aspectos financeiros e de marketing para a nossa carreira como tradutores.
Sabemos, portanto, que a carreira de tradução é desafiadora devido à complexidade linguística, sensibilidade cultural, variedade de conteúdo, pressão por prazos, evolução da língua, pressão por qualidade e competição global, entre outros fatores. No entanto, para aqueles que têm paixão por idiomas e comunicação, pode ser certamente uma carreira incrível, muito gratificante e extremamente enriquecedora!"
S06E37;Interpretação de texto e tradução — Natalie Gerhardt;Nessa palestra, Natalie abordará questões que vão além dos aspectos linguísticos da tradução, tais como a capacidade de interpretação de texto de acordo com o contexto, a sensibilidade de uma leitura mais profunda que leva em conta questões de intenção do autor e identificação de aspectos culturais que trazem mais uma camada para o texto.
S06E38;"""A arte da alta produtividade"" Insights para empresários, profissionais liberais e autônomos — André Ribeiro";André Ribeiro compartilha suas estratégias comprovadas para se destacar em um mundo que é cheio de distrações. Com exemplos validados por anos de experiência como profissional independente, esta palestra oferece insights práticos para impulsionar o desempenho no trabalho e na vida cotidiana. Descubra como maximizar resultados financeiros enquanto desfruta de uma qualidade de vida excepcional. Uma apresentação dinâmica e motivadora que expandirá sua mente para enfrentar com eficácia os desafios profissionais e pessoais do dia a dia.
S06E39;Intérpretes pós-pandêmicos: aprendizados além da interpretação — Felipe Pazello;A interpretação muitas vezes foi exclusivamente associada a ambientes de conferências acadêmicas, simpósios e encontros de membros do governo. No entanto, particularmente no período pós-pandêmico, a interpretação de reuniões corporativas em caráter online ou híbrido ganhou grande força. A facilidade de se ter licenças de softwares capazes de fornecer canais de áudio separados para a interpretação e a possibilidade de se fazer negociações complexas possibilitou a entrada de muitos novos intérpretes no mercado. Além disso, muitos intérpretes tornaram-se “gerentes de projetos” independentes, não se limitando ao contato com agências e assim estabelecendo um contato direto com os clientes.
S06E40;A importância da inteligência emocional na rotina do profissional autônomo — Shirlei Fernandes Correa;"Partindo dos desafios, inseguranças, medos e dores que grande parte dos profissionais autônomos precisam lidar no cotidiano da profissão, é muito pertinente trazer conceitos da Inteligência emocional. A inteligência emocional sendo desenvolvida diariamente, pode trazer benefícios imensuráveis na forma que o indivíduo vai lidar com os problemas, estresse e decisões do dia a dia, trazendo a possibilidade de reações mais assertivas, interna e externamente.
O intuito dessa palestra é mostrar aos ouvintes que apesar de todos os pontos de conflito é necessário olhar para si e aprender a identificar sensações e sentimentos que podem estar travando a busca pelo sucesso."
S06E41;Driblando a sociedade do cansaço — Francine Oliveira;Você já se sentiu à beira de um burnout? Ou melhor: quantas vezes você já se sentiu à beira de um burnout? Decidi reformular minha pergunta porque me dei conta de que o esgotamento parece ter se tornado algo recorrente em conversas com muitos colegas. O filósofo Byung-Chul Han aponta que vivemos na “Sociedade do Cansaço”, em doenças e transtornos da mente são componentes da “paisagem patológica do começo do século XXI”. Ainda assim, descrever-se como workaholic continua a ser uma qualidade e coaches ainda repetem frases de impacto que nos incitam a “trabalhar enquanto eles dormem”. Então, quando descansamos?
S06E42;O papel dos revisores na produção de livros didáticos — Marianna La Vega;Nessa palestra, vamos dar uma olhada nos bastidores da revisão de livros didáticos no Brasil. Vamos falar sobre como esses livros são produzidos, destacando a importância da Base Nacional Comum Curricular (BNCC). Vamos mergulhar nas etapas da revisão, garantindo que o conteúdo seja preciso e apropriado para os estudantes. Também discutiremos como os materiais didáticos têm regras específicas para cada nível de ensino. Por último, vamos abordar a necessidade de representação inclusiva e como entrar nesse campo.
S06E43;Traduzindo um relatório do século XVIII sobre vampiros — Andressa Furlan Ferreira;Andressa Furlan Ferreira compartilhará sua experiência de pesquisa, transcrição e tradução de um documento singular: um relatório médico-militar em alemão sobre casos de vampirismo numa vila da Sérvia, publicado em 1732. Nessa fala, ela comentará sobre alguns desafios dessa tarefa, além de indicar materiais para pessoas interessadas em pesquisa acadêmica, estudos de tradução e de folclore. O relatório que ela abordará teve repercussão em círculos sociais da Europa no século XVIII e causou debates entre pensadores dessa época, fortalecendo discussões populares sobre vampiro na Modernidade.
S06E44;O gênero neutro está presente. E você, está no Presente ou no passado? — Thiago Hilger;Já faz algum tempo que debatemos o uso do gênero neutro na língua portuguesa. A utilização de pronomes, adjetivos e substantivos neutros no dia a dia é crescente, especialmente entre a população mais jovem, que tende a ter menos preconceitos e ser mais aberta à inclusão. Pessoas não-bináries jogam jogos também, assim como você e eu. Para representá-las de forma adequada, eu participei de um projeto de adaptação de um jogo para a linguagem neutra. Nesta palestra, conto em mais detalhes o processo e as técnicas utilizadas para fazer este tão importante trabalho de inclusão.
S06E45;Traduzindo Clássicos — Petê Rissatti;A tradução de clássicos é o que mantém vivos livros que tiveram grande importância para uma época e, por sua longevidade, também para a cultura mundial. Nesta palestra, vamos entender o que é um clássico, conhecer um pouco do processo de tradução de um livro considerado clássico para um público contemporâneo, além do conceito de direito autoral e suas regras. Será um bate-papo para quem se interessa por literatura e tradução, para quem está dando os primeiros passos e para quem já tem uma carreira consolidada, mas quer saber mais desse tipo de tradução.
S06E46;Jon Fosse no Brasil: A tradução de É a Ales — Guilherme da Silva Braga;Em 2023, o autor norueguês Jon Fosse foi premiado com o Nobel de Literatura. Ainda pouco conhecido no Brasil, por ora Fosse tem apenas três obras publicadas no país. Nessa apresentação, o tradutor de É a Ales (Companhia das Letras, 2023) traça um breve perfil do autor norueguês para a seguir deter-se sobre o processo de tradução desse título em particular, com especial atenção à prosa hipnótica de Fosse a outras características literárias e formais presente na obra do autor.
S06E47;Prospecção de Clientes, Networking e Marketing Pessoal para Tradutores Introvertidos — Ivar Panazzolo Junior;"Uma palestra com várias ideias, dicas e estratégias para facilitar o trabalho de prospecção e o estabelecimento de bons contatos para tradutores que, devido à introversão ou timidez, têm dificuldade ou simplesmente não gostam do processo de buscar novos clientes.
Vamos discutir também maneiras de superar a timidez, como abordar clientes em potencial, como fazer uma prospecção inteligente usando as ferramentas disponíveis e como os tradutores mais introvertidos podem usar essa característica pessoal a seu favor para conquistar novas oportunidades."
S06E48;Ensaio sobre a curiosidade: como os verbos errar, aprender e mudar devem ser um mantra — Rafaela Mota Lemos;"Ficamos sempre muito inspirados quando ouvimos histórias de tradutores que estão na profissão há 20, 30 ou 40 anos.
Fomos ensinados desde sempre que estabilidade e consistência eram virtudes fundamentais de um bom profissional.
Quem faz sempre o mesmo recebe um certificado imediato de credível. Quem muda e faz diferente muitas vezes é considerado de sonhador, errático ou sem foco. Será mesmo assim?
Nesta palestra, gostaria de partilhar com a audiência o meu percurso pouco linear enquanto tradutora e as lições que fui aprendendo no processo.
Spoiler alert: não faz mal experimentar outras coisas, criar outras formas de subsistência e seguir outras carreiras."
S06E49;Travessia Tradutória — Alison Entrekin;Nesta palestra, Alison vai refletir sobre as agruras da “transcriação” de Grande Sertão: Veredas para o inglês e o que aprendeu no processo.
S07E01;Les casquettes du monde littéraire : navegando entre a criação e a tradução do texto. — Adriana F. Martins;Na França, quando alguém navega por diferentes domínios, diz-se que ela é “une personne à plusieurs casquettes”, uma pessoa com vários bonés. Os meus bonés (prefiro chapéus) são escritora e tradutora. Não do naipe de Clarice Linspector, mas tradutora de mim mesma, porque tenho um projeto ambicioso, do qual sou ciumenta e sobre o qual preciso ter controle sobre aspectos muito precisos. Isso porque Berenice da Capadócia: a jornada do não-herói, meu “livro de estreia” tem, a meus olhos de mãe zelosa, várias camadas de leitura e tantas outras de intenção.
S07E02;ProZ KudoZ além dos Pontos: Perspectivas e Possibilidades — Matheus R. Chaud;Nesta palestra, você poderá conhecer melhor o ProZ KudoZ para vê-lo não apenas como uma plataforma para acumular pontos no ranking de tradutores do site, mas como um ambiente valioso de aprendizado e colaboração. Vamos abordar as nuances do KudoZ, desde o funcionamento do sistema de perguntas e respostas até as estratégias para uma participação mais eficaz. Analisaremos os prós e contras de diferentes abordagens, como atuar de forma colaborativa x competitiva ou como especialista x generalista. Saiba como utilizar o KudoZ de maneira estratégica para maximizar as parcerias, possibilidades e perspectivas profissionais.
S07E03;De férias com o tradutor: Os desafios da tradução de reality shows — Will Xavier;Alguns dos maiores “vilões” para quem traduz na área audiovisual, seja para dublagem ou legendagem, são os reality shows. Nesta palestra, vamos ver quais os principais aspectos dessa modalidade de programa, algumas estratégias úteis para melhorar a qualidade da tradução e por que os reality shows são considerados uma escola para quem trabalha com tradução audiovisual. Vamos analisar alguns trechos de programas que já estão no ar e descobrir que traduzir reality shows pode ser muito divertido.
S07E04;A tradução de obras audiovisuais derivadas na era transmídia: E agora, tradutor? — Paulo Noriega;Em plena era transmídia, há diversas tendências no mundo audiovisual, como remakes, live-actions e continuações comemorativas. Sendo assim, como se preparar para traduzir um projeto que se enquadre em alguma das categorias anteriores? Quais são os principais aspectos que precisam ser levados em conta? Nesta palestra, Paulo Noriega apresentará todas as questões pertinentes à tradução de uma obra audiovisual derivada, e o melhor de tudo: com estudos de caso de sua carreira.
S07E05;Tradução para dublagem de língua turca — Leandra Machado;"Esta palestra irá tratar da estrutura da língua turca em comparação a língua portuguesa e uma análise da tradução para dublagem de trechos da série da Netflix ""Kubra"" partindo dos conceitos de tradução direta e indireta."
S07E06;Audiodescrição de Cinema de Terror — Marcella Wiffler Stefanini;Nesta palestra, iremos nos debruçar sobre a audiodescrição (AD) como uma modalidade de tradução audiovisual acessível (TAVA). Sob tal perspectiva, retomaremos alguns postulados da semiótica de Peirce para compreendermos a AD enquanto tradução intersemiótica e, com base nisso, pensarmos possibilidades de AD para o cinema de terror, tanto no que tange ao roteiro como à narração. Nossa reflexão irá partir da análise de alguns exemplos de AD de filmes de terror, bem como da percepção de alguns audiodescritores entrevistados durante minha pesquisa de doutorado e suas estratégias de tradução do terror.
S07E07;Falando das pedras no caminho na tradução de ficção — Carlos César da Silva;Que a rotina de trabalho de quem traduz pode cair na mesmice todo mundo sabe. Mas e justamente naquele dia em que o prazo está apertado e surge um trocadilho complicado? Um jogo de palavras cabeludo? Um poema floreado com rimas e métricas padronizadas? Uma palavra que caiu em desuso em 1700 e bolinha? Uma referência a um texto que só existe on-line em um PDF escaneado praticamente ilegível? Nessa palestra, vamos comentar sobre essas “pedras” que nos pegam de surpresa pelo caminho, mas que tornam o original mais dinâmico e, ao serem lapidadas, deixam nossa tradução mais prazerosa.
S07E08;Construindo uma carreira de alto nível na interpretação — Aldo Vidor, Denise Araújo e Evelise Scapol (APIC);Nessa palestra reunimos três intérpretes com experiência em diferentes mercados para falar sobre como chegar ao próximo patamar em sua carreira como intérprete profissional. Abordaremos as melhores práticas e condições de trabalho de acordo com renomadas organizações nacionais e internacionais - um prato cheio para quem está começando agora ou para quem já está no mercado mas sente que poderia chegar mais longe em sua carreira!
S07E09;Percy Jackson e a adaptação na tradução intersemiótica do livro para a tela — Bianca da Costa;Adaptar uma obra com uma grande legião de fãs é um enorme desafio e esse desafio pode ficar ainda maior quando uma tradução consagrada da língua-fonte para a língua-alvo já existe. Mas e quando essa tradução está em outro formato de mídia? Será que as mesmas palavras de um livro funcionam para as telas? Nesta palestra, Bianca da Costa explicará o processo de tradução que seguiu para traduzir a série “Percy Jackson e os Olimpianos” para dublagem e trará algumas cenas para exemplificar as adaptações entre livro e série.
S07E10;É rir para não chorar: Os desafios da tradução do humor na dublagem - Marun Reis;Nesta palestra, abordaremos as técnicas básicas da tradução para dublagem, os princípios do humor e lidaremos de forma prática com alguns exemplos de programas humorísticos.
S07E11;Como se preparar para um apocalipse zumbi — Denise Bobadilha;A intérprete Denise Bobadilha, que cobre (junto com sua sócia Natalie Graue) o noticiário ao vivo para a CNN Brasil há 4 anos, desde a estreia do canal, fala sobre o preparo para o inesperado. A sessão vai abordar o que um intérprete precisa fazer quando chega um momento de breaking news inesperado e é preciso entrar no ar em questão de minutos. Um submarino com bilionários se perdeu no oceano – o que devo saber? Ou um ataque que muda o cenário no Oriente Médio – quais nomes preciso ter na ponta da língua? É quase um preparo para o apocalipse, mas a gente mostra como é. Prepare papel e caneta, porque a palestra terá exercícios práticos!
S07E12;É possível distinguir a tradução automática da tradução humana? Uma perspectiva baseada em corpus e aprendizagem de máquina — Aline Tomasuolo;Essa pergunta intrigante virou tema de mestrado. Em um estudo inovador, Aline comparou traduções automáticas e traduções humanas do português para o inglês e textos em inglês nativo com uma amostragem de mais de 3 milhões de palavras. A resposta foi surpreendente. Embora o algoritmo não tenha detectado diferenças gramaticais significativas entre os três tipos de texto, a precisão na distinção lexical entre traduções automáticas e humanas atingiu incríveis 80% de taxa de acerto. Nessa palestra, vamos conversar sobre a trajetória dessa pesquisa e as possíveis implicações no mundo da tradução.
S07E13;Direitos autorais para tradutores — Gabriela Colicigno;O trabalho de tradução, especialmente a literária, também está protegido pela Lei de Direitos Autorais brasileira. É importante que todo mundo conheça a lei e entenda onde se encaixa o texto traduzido, quais são os direitos de quem traduz e o que configura e o que não configura ofensa à Lei 9610/98, e como podemos garantir o cumprimento dela.
S07E14;Enshittification: ou como nos acostumamos à degradação das plataformas online — Deborah Cornelio e Jorge Davidson;De uma ou outra forma, todos(as) somos testemunhas da degradação das plataformas online. Essa degradação nem sempre é visível em coisas importantes, muitas vezes é produto de um acúmulo de pequenas coisas que, individualmente, são quase imperceptíveis, mas que provocam uma sensação desconfortável. Cory Doctorow, um jornalista e escritor canadense, cunhou um nome para descrever a degradação ou decadência das plataformas online: enshittification (que poderíamos traduzir como embostificação). Entender como acontece esse processo é o foco da palestra.
S07E15;A Era da Informação (sob controle) — Roney Belhassof;"Estamos na era da informação, isso é indiscutível! Todavia nós controlamos o fluxo de informações ou ele tem se imposto a nós? E a qualidade dos dados e informações? Os conhecimentos que geramos são uma fonte de recursos ou estão se perdendo em uma diversidade de ""baús"" e acabam gerando mais ansiedade que desenvolvimento?
Vamos conversar principalmente sobre tranquilidade! Sobre a segurança de saber que não precisamos sobrecarregar a nossa memória quando temos um método para criar um ""segundo cérebro"" digital seguro e acessível.
Veremos ferramentas, mas acima de tudo pensaremos na busca, classificação e recuperação de conhecimento sem esforço.
"
S07E16;O novo mercado de tradução: a revolução da inteligência artificial — Aline Tomasuolo;"Há cerca 15 anos, capas de jornais e revistas anunciavam o fim da carreira dos
tradutores, com o advento e aperfeiçoamento do Google Tradutor. E cá estamos, mais
fortes do que nunca. O mesmo ocorre agora com o ChatGPT e IA. A tradução
automática nos mostrou que a tecnologia pode ser uma aliada valiosa, desde que a
utilizemos de forma ética e aprimorada. É hora de abraçar essa mudança e aprender a
surfar essa onda em vez de lutar contra ela. Nessa palestra, Aline vai abordar os atuais
usos já possibilitados pela inteligência artificial e apresentar recursos para se manter
atualizado conforme novas tecnologias e ferramentas surgirem."
S07E17;A Tradução Financeira com Dinaura Julles — Dinaura Julles;"""A Tradução financeira só abrange assuntos considerados difíceis? Impostos e Reforma Tributária, Fusões e Aquisições (M&A), Falência e Recuperação Judicial, Seguros.

O objetivo da palestra é contextualizar a tradução financeira no campo da tradução técnica e apresentar suas especificidades. E também “desmistificar” a ideia de que são traduções difíceis, que partem de textos originais já pouco compreensíveis. A partir do conhecimento dos conceitos e de algumas práticas diferentes nos Estados Unidos e no Brasil - que representam a maioria dos nossos trabalhos - e do domínio dos termos essenciais de temas que vão de impostos a seguros, passando por fusões e aquisições e falência e recuperação judicial, é possível realizar boas traduções de português para inglês e vice-versa.""
"
S07E18;A cabeça do tradutor de russo – O processo de tradução de um clássico da ficção científica. — Robson Ortlibas;"Nesta apresentação, Robson Ortlibas discutirá sua tradução de ""A cabeça do professor Dowell"", de Aleksandr Beliáev, lançado pela Tacet Books. Revelará o meticuloso processo de seleção das ilustrações e dos textos complementares, bem como os detalhes envolvidos na escrita da biografia do autor. Abordará os principais desafios enfrentados durante a tradução, destacando as escolhas e as soluções adotadas para manter a autenticidade da obra. A apresentação oferecerá uma visão profunda sobre as complexidades de traduzir um clássico da literatura russa, ilustrando o compromisso necessário para preservar o impacto original do texto."
S07E19;Who they are – Estratégias de tradução do gênero não binário. — Karoline Melo;Discussões a respeito do gênero não binário vêm ganhando força ao longo dos últimos anos. Afinal, quando nos deparamos com uma pessoa que não se identifica estritamente com os gêneros masculino ou feminino, como passamos essa noção para a língua? Ao redor do mundo, diversos pronomes foram e continuam sendo criados na tentativa de resolver a questão, mas ainda não há uma resposta certa. E se não é definitivo, como fazemos na hora de traduzir esses pronomes? Pensando nisso, o intuito desta palestra é apresentar o gênero não binário com base em exemplos de traduções publicadas por editoras tradicionais.
S07E20;Tradução jornalística, muito além das palavras — Katia Buffolo;"Quais os desafios que o tradutor se depara com o material jornalístico? Há uma linguagem específica para este gênero? Sim e não. Há diversos gêneros de texto e com características comuns, mas não são formatos fixos e algumas vezes se misturam entre si. Como lidar com esta variedade ao traduzir? Quais as questões técnicas, culturais e idiomáticas a serem consideradas na tradução? Como transmitir a ideia de um título em um espaço restrito? Nesta palestra, vamos observar que a tradução jornalística vai além das palavras; transmite ideias, informação e muitas vezes requer do profissional conhecimento, cuidado e sensibilidade."
S07E21;Ask Me Anything about Interpretainment — Maria Paula Carvalho;Você sabe o que é interpretainment? Que tal perguntar tudo o que quiser sobre o tema para Maria Paula Carvalho nesse bate-papo exclusivo da Translators101 com a intérprete que colocou a “periquita da Madonna” nos trend topics?
S07E22;Portuguese into English?! Brasileiros podem fazer versões de qualidade para o inglês? — Aline Tomasuolo;"Nessa palestra com uma especialista em versões para o inglês, Aline Tomasuolo
mostra que é possível, com o devido preparo e empenho, fazer versões de qualidade
para o inglês, às vezes até melhor que nativos. O segredo? Preparo meticuloso,
dedicação incansável e um arsenal de técnicas de estudo e aprendizagem contínua,
com uma abordagem focada em qualidade e uma paixão pela pesquisa. Na palestra,
todos esses temas vão ser abordados e aprofundados. Prontos para quebrar o mito de
que apenas falantes nativos podem se destacar na tradução para o inglês."
S07E23;Financeiro é a mãe: a ciência por trás do 'na volta a gente compra' — Dea Moretto;"Um dos principais desafios do profissional autônomo é a variação da renda mês a mês. O conhecimento de técnicas simples como o fluxo de caixa pode ajudar nas tomadas de decisões sobre seus gastos e investimentos.
Os participantes da palestra receberão um template prontinho para iniciar sua jornada financeira e decidir se é agora ou é ""na volta"" que a gente compra!"
S07E24;Interpretação religiosa: the good, the bad and the ugly — Felipe Pazello e Felipe Santos;A interpretação religiosa é um campo pouco conhecido dentro da interpretação de conferências e eventos em geral. Suas características e peculiaridades carecem de entendimento. O motivo para tal desconhecimento é que ela é vista apenas como um caso particular do mundo dos eventos, uma exemplificação das técnicas conhecidas por intérpretes. No entanto, a interpretação religiosa exige conhecimentos específicos: liturgia, aspectos denominacionais, línguas antigas como hebraico, grego e latim, passagens bíblicas clássicas e o uso da voz com sentimento e emoção, porém sem sentimentalismo. Traremos exemplos de situações que vivemos e compartilharemos estratégias de como lidar com questões que ocorrem em igrejas, casamentos e congressos teológicos.
S07E25;Caminhos da Tradução na graduação em Letras — Mirella Nunes Giracca e Silvana Ayub Polchlopek;No contexto de cursos de licenciatura, a pesquisa tem importância singular. Se o licenciando sabe como desenvolver essa prática, as chances de levá-la para sala de aula são maiores e mais produtivas. Motivar a pesquisa nas novas gerações determina a diferença entre andar simplesmente e caminhar. Para os Estudos da Tradução, pesquisar define esse caminhar e representa todo um contexto histórico, social, cultural, político, ideológico que atravessa todos os segmentos nos quais o ato tradutório se desdobra. Práticas de pesquisa recentes, na graduação em Letras, têm mostrado que pesquisar tradução é necessário e viável, possibilitando novos olhares para a linguagem.
S07E26;Controle financeiro e relação cliente contador — Luidg Quitete;A qualidade das informações recebidas do seu contador depende muito das informações enviadas por você. Nessa palestra vamos abordar as informações que devem ser enviadas por você e de que forma elas devem ser enviadas. Também abordaremos sobre o seu controle financeiro, não basta faturar muito, também precisamos saber se estamos recebendo em dia para organizar os nossos compromissos financeiros. Nem sempre o seu problema está no seu faturamento e sim como você o administra.
S07E27;Criatividade de milhões, automatismo de centavos — Filipe Alverca;O automático do dia a dia leva muita gente a pensar que só mentes geniais são criativas. Será que isso é verdade? Esta apresentação discutirá esse e outros mitos, abordando também conceitos de criatividade, formas de turbinar seu potencial criativo e algumas técnicas de geração de ideias que você pode fazer no aconchego da sua própria companhia quando bater aquele branco durante a tradução. Em um momento de popularização de ferramentas de IA, esta conversa é fundamental. Todo mundo é bem-vindo, tanto profissionais iniciantes quanto quem já tem algum tempo de estrada, não importa a área de atuação ou idioma.
S07E28;Masterclass Inteligência Artificial em 2024 — Ivan Martucci, Guilherme Gama e Ligia Sobral Fragano;O que é Inteligência Artificial em 2024? Entenda a diferença básica entre algoritmos e aprendizado de máquina. Veja por que essa tecnologia será transformadora e o que você precisa para se preparar para um futuro que chega cada vez mais rápido. Esta masterclass será oferecida pela equipe da Avellan, a plataforma de legendagem automática da Little Brown Mouse. Após a sessão, apresentaremos nosso projeto. Não perca!
S07E29;Viajando no tempo e na ficção científica — A tradução para dublagem de Time Patrol Bon — Vic Vieira Ramires;Preparem-se para cruzar o hiperespaço que a nave do tempo está prestes a zarpar! Essa palestra será um relato da aventura que foi traduzir o anime Time Patrol Bon para dublagem. Além do estudo de caso, vamos mergulhar mais a fundo nesse vórtex hiperdimensional e analisar: quais são os desafios da tradução de histórias de viagem no tempo, como é o vocabulário imaginativo da ficção científica com seus neologismos e technobabble e como cuidar da tradução do humor para o público brasileiro. TP Bon é uma adaptação do mangá de Fujiko Fujio e foi lançado na Netflix em 2024.
S07E30;Você quer traduzir jogos analógicos? — Mateus Ornellas;Traduzir jogos analógicos é uma experiência que combina duas competências antagônicas: a sensibilidade e criatividade da tradução literária com a precisão e rigor da tradução de manuais técnicos. Como balancear essas habilidades? Que outros requisitos são esperados de um profissional que deseja ingressar nessa área? A partir da minha experiência, vamos falar um pouco sobre o universo de jogos analógicos e RPG, discutir sobre o que eu observo ao avaliar um profissional de tradução e sugestões sobre como exercitar essas características para se destacar nesse interessante mercado.
S07E31;TRADUSA 2024: Tudo sobre o V Encontro Brasileiro de Tradutores Especializados na Área da Saúde — Ana Julia Perrotti-Garcia, Cátia Santana e Patrícia Gimenez;Junte-se a nós para uma live exclusiva onde vamos explicar tudo sobre o TRADUSA 2024 – V Encontro Brasileiro de Tradutores Especializados na Área da Saúde! Saiba mais sobre o evento, conheça a programação completa e tire suas dúvidas ao vivo! Não perca essa oportunidade de se conectar com profissionais da área e se preparar para o maior evento de tradução médica do Brasil.
S07E32;Gerentes de projetos: os maestros do setor de tradução e localização — Gisley Ferreira;Quem vê um projeto de tradução e localização pronto não imagina quantas etapas seu fluxo de trabalho tem, nem que tipo de profissional faz acontecer isso tudo. O gerente de projetos é a peça-chave que faz funcionar todas as engrenagens de uma empresa de tradução. Que perfil os PjMs têm? Quais são suas responsabilidades? O que eles esperam do relacionamento com os linguistas? Esta palestra mostrará de forma geral o que esse profissional faz e sua importância para os negócios no setor linguístico.
S07E33;De tradutora literária a escritora — Natalie Gerhardt;A tradução literária é uma escrita autoral, na qual usamos nossa criatividade e conhecimentos linguísticos e literários para contar, da melhor forma possível, uma história criada por outra pessoa em outro idioma. Nessa palestra, vou compartilhar minha experiência como tradutora e como escritora e trazer uma reflexão sobre como a tradução influencia a minha escrita e vice-versa.
S07E34;Quer aprender a traduzir para Dublagem? — Will Xavier;"Você sabe o que é um vozerio? Quais os tipos de sincronismo labial que existem no processo de
Tradução para a Dublagem? Nessa palestra, Will Xavier vai dar algumas dessas respostas e
apresentar a Oficina de Introdução à Tradução para Dublagem, que vai acontecer na Interpret2B nos
dias 21, 27 e 28 de agosto."
S07E35;Perspectivas da carreira do tradutor com a IA — Ricardo Souza, Jorge Davidson, Simone Vieira Resende e Carol Santiago;"Um bate-papo sobre as perspectivas da carreira do tradutor com a IA.
Mediação: Caroline Santiago"
S07E36;MTPE – Exemplos práticos de Machine Translation Pós-Editing – Isa Mara Lando;"Em um momento em que muitos clientes estão optando pela Inteligência Artificial – a tradução por máquina, já bem conhecida nossa, mas agora mais aperfeiçoada – é mais importante do que nunca valorizar as nossas competências e habilidades exclusivamente humanas, que continuam em demanda para a etapa de pós-edição. 
Nesta palestra totalmente prática, veremos diversos trechos traduzidos pelo DeepL, o melhor da praça atualmente. Vamos comparar a tradução “crua” do DeepL com a versão editada por mim, mostrando como corrigir erros de contexto, com o bom senso e a cultura geral do ser humano, e como aperfeiçoar o texto em todos os aspectos – naturalidade, fluência, comunicação, legibilidade. As perguntas e observações dos participantes serão muito bem-vindas. 
"
S07E37;Masterclass: Você quer trabalhar na tradução de jogos? – Ivar P. Junior, Horacio Corral, Luciana G. Boldorini;"A masterclass ""Você quer trabalhar na tradução de jogos"", ministrada por Horacio Corral, Ivar P. Junior e Luciana G. Boldorini, explora os principais aspectos do processo conhecido como localização de jogos.
Durante a aula, eles abordarão tópicos como a adaptação cultural necessária para tornar um jogo acessível e atraente, bem como os desafios específicos que surgem ao localizar jogos para o público brasileiro e o que um profissional dessa área deve ser capaz de oferecer a seus clientes. Além disso, a aula inclui estudos de caso de jogos populares e exemplos práticos de erros comuns na tradução e adaptação de conteúdo.
A masterclass se destina a estudantes e profissionais da área de tradução, desenvolvedores de jogos, tradutores que desejam diversificar seus serviços e a todos os interessados em compreender esse processo crucial para o sucesso de jogos no mercado brasileiro.
"
S07E38;A IA e o mundo da tradução – Sandra Garcia;"• Mitos e verdades
• Nomes na tradução e na IA
• E nós, onde vamos parar?
• Então...
Apesar de toda a empolgação e ansiedade sobre a inteligência artificial em pouco tempo igualar ou superar a inteligência humana, vemos que essa tecnologia fez muito pouco progresso desde a década de 1950.
Sem dúvida o impacto dela é real em TODOS os setores e níveis da sociedade e nós, tradutores, não poderíamos ficar de fora.
Será que o fim da nossa espécie está próximo, ou o gigante é bem menor quando encaramos de frente? 
Vamos conversar sobre isso?"
S07E39;Legenda automática: a vilã da vez – Andressa Gatto;Você já parou pra pensar na qualidade das legendas que você anda lendo no seu tempo livre? Você, que cria conteúdo de vídeos e usa apps de legendas automáticas, será que a mensagem do seu conteúdo está mesmo sendo transmitida de forma eficaz e é acessível a todos? Nesta palestra, vamos conversar sobre o impacto no processo de leitura e compreensão das legendas geradas automaticamente em vídeos veiculados principalmente nas redes sociais.
S07E40;Tort Law 101 e os casos mais bizarros dos EUA – Fernanda Vitarelli;Afinal, o que é essa área do direito que não tem uma equivalência precisa no Brasil, mas que é tão comentada na Common Law? Vamos entender um pouco mais sobre atos ilícitos e responsabilidade civil a partir de casos concretos. Ao final, um glossário útil para qualquer pessoa que precisa traduzir o direito.
S07E41;Entre o Exílio, o Nobel e a ressurreição: Traduzindo Ivan Bunin – Robson Ortlibas;Nesta apresentação, Robson Ortlibas apresentará sua tradução de “Rosa de Jericó e outros contos”, de Ivan Bunin, laureado com o prêmio Nobel de literatura, lançado pela Tacet Books. Explicará como foi o processo de seleção dos contos, bem como dos textos complementares e a escrita da biografia do autor. Falará sobre o estilo de Bunin, as dificuldades em recriá-lo na tradução, toda a pesquisa realizada, as soluções tradutórias encontradas durante o processo, além das principais dificuldades em traduzir uma obra de um dos maiores nomes da literatura russa e mundial.
S07E42;Aplicação e uso de novas tecnologias na Terminologia: da atividade didática à publicação – Cátia Santana, Denise Delegá, Patrícia Gimenez e Horácio Corral;Nessa roda de conversa apresentaremos alguns usos de novas tecnologias como auxílio no trabalho do tradutor que podem facilitar e validar a criação de glossários por meio de coleta e análise de linguagem autêntica e de especialização. Além disso, também vamos bater um papo sobre o processo de transformação de uma atividade didática em aulas de Terminologia em um glossário na área da saúde.
S07E43;A sutil arte de gerenciar o seu estresse – Giovana Boselli;Sob estresse, você não entrega o seu melhor. O raciocínio fica comprometido, a memória falha, as emoções podem ficar à flor da pele e o corpo pode adoecer. Vamos juntos refletir sobre as causas do seu estresse e como lidar com elas. Você sairá com muitas ferramentas para gerenciá-lo e, com isso, melhorar a sua produtividade e qualidade de vida.
S07E44;A tradução de literatura sul-coreana no Brasil: oportunidades e desafios – Núbia Tropéia;A literatura sul-coreana tem ocupado cada vez mais espaço nas estantes brasileiras, e as traduções diretas do coreano têm recebido maior investimento por parte das editoras. Nesta palestra, falarei sobre o processo de tradução de literatura sul-coreana (em especial, a literatura de cura), os desafios e diferenças culturais que podem ser encontrados nos textos e qual o panorama dessa literatura no mercado editorial brasileiro atualmente.
S07E45;Do manual à mesa: como explicar jogos ao público pode aprimorar as habilidades do tradutor – Jéssica Gubert e Raul Rocha;Embora o trabalho de escrita, edição e tradução seja idealmente silencioso e solitário, nem sempre o produto desse trabalho vai ser lido no mesmo contexto — especialmente quando falamos de localização de jogos de mesa. O manual de regras de um jogo de mesa precisa garantir que o jogador saiba fazer o jogo funcionar. Para isso, precisa sanar o máximo possível de suas dúvidas. Mas como saber que tipo de dúvida o jogador pode ter? Ora... lidando com ele, é claro. Nesta palestra, demonstramos como ensinar jogos ao público nos tornou tradutores melhores, e como traduzir nos tornou monitores melhores.
S07E46;Apresentando o English-Portuguese Dictionary – Verbal Collocations – Stella E. O. Tagnin;Após apresentar um pequeno histórico de como teve início o dicionário, vou discutir os critérios que nortearam sua compilação. O dicionário, como o nome já explica, contempla apenas colocações verbais, isto é, combinações consagradas de verbos e, no geral, substantivos. Por exemplo: “desempenhar um papel” e “play a role”, “fazer um elogio” e “pay a compliment“. Só foi possível disponibilizá-lo online graças ao projeto Democratizing Digital Lexicography, coordenado pela Profa. Lígia Lugli, do Mangelan Research Center, King´s College, London. Serão demonstradas algumas consultas possíveis.
S07E47;"O Capacitismo nas Legendas Descritivas (LSE/SDH e CC) – Diego Marsicano
Descrever ou Transcrever?";As legendas descritivas são cada vez mais comuns, mas como anda a qualidade dessa ferramenta de acessibilidade? Será que os descritores entendem a forma como surdo pensa e evitam o capacitismo, tratando-o com a devida autonomia cognitiva? Vamos refletir sobre a importância de respeitar o modo de pensar do público surdo.
S07E48;Gerente de projetos de tradução como perspectiva de carreira: mercado, funções e habilidades – Carolina Bisson;"As recentes inovações em inteligência artificial têm provocado transformações sem precedentes na multibilionária indústria de serviços linguísticos. Em meio a um cenário de mudanças, a importância do gerente de projetos permanece inabalável para o êxito do setor. Nesta aula, vamos apresentar uma visão abrangente e atualizada do mercado, além das funções e competências cruciais que qualificam um gerente de projetos de tradução para enfrentar os desafios da área.
"
S07E49;O Tradutor Nunca Está Só: Conexões e Colaboração nos Bastidores da Tradução – Daniel Guidi;"Esta palestra explora o que está além da tradução de palavras: as conexões e o trabalho coletivo que transformam uma simples adaptação em uma experiência cultural imersiva. Daniel Guidi, o The Bald Translator, compartilha sua jornada de biólogo a tradutor de jogos, mostrando como a colaboração com colegas e amigos enriquece cada projeto. Através de exemplos de projetos, será debatido como as redes de apoio e a pesquisa aprofundada são essenciais para lidar com os desafios culturais, tornando a tradução uma verdadeira aventura compartilhada.
"
S07E50;Gramática não é tudo, mas é inescapável – William Cruz;Profissionais do texto tomam inúmeras decisões por minuto. Cada palavra, cada estrutura sintática, cada sinal de pontuação, enfim, cada escolha do tradutor é regida por uma complexa rede de fatores, que incluem considerações de ordem lexical, gramatical, semântica, pragmática, etc. Quanto mais conscientes esses profissionais estiverem de como o sistema da língua funciona, mais segurança eles terão para desempenhar o seu trabalho. Na palestra, falaremos da importância do estudo da gramática de maneira geral e também trataremos de algumas dificuldades comuns entre os usuários da língua portuguesa.
S07E51;Entre Palavras e Mistérios: A Arte de Traduzir Arsène Lupin – Marco Hruschka, Luigi Ricciardi e Rafael Silvaro;"A apresentação aborda os desafios e nuances da tradução do livro As
Revelações de Arsène Lupin (Madrepérola-2022), originalmente Les Confidences
d’Arsène Lupin, realizada por Marco Antonio Hruschka Teles e Luís Cláudio Ferreira
Silva. Explorando o sucesso da série contemporânea inspirada no personagem, o
trabalho detalha o processo tradutório, desde as escolhas estilísticas e culturais até a
adaptação de jogos de palavras. A tradução moderniza o texto, mantendo sua essência
literária e estética, contribuindo para a difusão da obra de Maurice Leblanc no Brasil e
enriquecendo o mercado editorial local."
S08E01;LinkedIn para Tradutores: O Caminho das Pedras (e os Tiros no Pé) — Karìne Souto;Nesta palestra, Karìne Souto, intérprete de conferência e especialista em comunicação, compartilhará estratégias práticas e eficazes para transformar o LinkedIn em uma ferramenta poderosa de negócios para tradutores. Com mais de 15 mil conexões e uma trajetória que conecta sonhos e culturas, Karìne ensinará como criar uma presença de destaque, atrair clientes e construir conexões autênticas na plataforma. Se você deseja explorar o potencial do LinkedIn para impulsionar sua carreira na tradução, esta palestra é para você.
S08E02;Manipulando a IA Generativa: Inteligências Artificiais, perigos reais — Marcus Mangetti;"Propondo fugir dos clichês, a IA abordada aqui não veio roubar nossos empregos nem resolver nossos problemas num “prompt” de mágica. A proposta é esclarecer o que são essas IAs e como elas funcionam, apresentar algumas das inúmeras imperfeições e perigos dessas ferramentas, que podem e já estão sendo usadas para finalidades “pouco republicanas”.
É um convite para uma reflexão sobre o nosso papel diante desses problemas, uma tentativa de mostrar um pouco do que está por trás das telas e de nos afastar do alarmismo inconsequente, mas também da inocência e do romantismo, com um linguajar acessível aos não especialistas em TI."
S08E03;"O mundo dos mods no PC gaming; e como traduzi-los pode abrir portas! — Jean Trindade";Venha conhecer a cultura de modificar jogos de PC, com um toque de tradução! Nesta palestra, Jean explicará o que são os mods, além da história e impacto deles na indústria de jogos. A tradução de mods também será abordada, com exemplos que mostram como isso gera oportunidades para a sua carreira. Com o PC sendo a plataforma mais lucrativa, é indispensável que tradutores de jogos aprendam o máximo sobre ela. Se você é gamer e quer se aprofundar nessa cultura, essa palestra é para você!
S08E04;Localizando aplicativos móveis: uma jornada desafiadora e limitante! — Bruna Beatriz;De modo geral, a localização costuma exigir conhecimentos técnicos específicos para cada plataforma, formato e assunto sendo trabalhado. Com os aplicativos móveis, é preciso entender que lidamos, constantemente, com alguns desafios extras, como a limitação de caracteres, diferentes sistemas operacionais, pouco espaço na interface, referências visuais nem sempre presentes e instruções que devem ser passadas com clareza, da forma mais breve possível, aos usuários. Nesta aula, vamos ver alguns exemplos práticos e aprender como sair na frente na localização de aplicativos. Preparem os dispositivos móveis e já comecem a observar os aplicativos preferidos de vocês!
S08E05;Joacyr Oliveira — Corpora de Aprendizes de Tradução: Análise e Aplicações;"
Nesta oficina prática, você descobrirá como a Linguística de Corpus e planilhas eletrônicas podem ser ferramentas poderosas para alinhar e analisar traduções. Na primeira parte, examinaremos as traduções de 26 alunos que trabalharam no mesmo texto, discutindo padrões, escolhas linguísticas e desafios encontrados. Em seguida, você terá a chance de traduzir um pequeno trecho, alinhar sua tradução com o original e comparar seus resultados com os de outros participantes em tempo real. Para participar plenamente desta experiência interativa, é recomendável que você tenha acesso a uma conta Gmail, já que usaremos ferramentas online durante a atividade."
S08E06;Simone Brito — Tradução e tecnologia: até que ponto elas caminham juntas?;"Pergunta complicada... resposta complexa.
A tecnologia é ou não uma aliada dos tradutores?
Somente tradutores técnicos beneficiam-se dos avanços tecnológicos?
A tecnologia é inerente ao nosso cotidiano. A cada dia somos surpreendidos com uma novidade tecnológica sendo lançada. Há pouco tempo sequer podíamos imaginar tamanha evolução, salvo em filmes e desenhos animados.
No entanto, precisamos acompanhar a transformação digital na qual o mundo está vivendo e tirarmos proveito dela em prol da nossa profissão.
À medida que a tecnologia se desenvolve, ferramentas e métodos novos são criados e, ao invés de substituir o tradutor, eles podem ser usados para otimizar nosso trabalho.
Há possibilidades em todas as áreas da tradução, não só na técnica, que seria o mais comum, mas a tradução editorial e o audiovisual também se beneficiam dos avanços tecnológicos. Acompanhar o mercado é importante para entender os benefícios que a evolução tecnológica pode trazer para nossa realidade.
Atualização, curiosidade e disposição são segredos para abusarmos da tecnologia e mergulharmos no mundo da tradução porque, sim, nós podemos fazê-la trabalhar a nosso favor."
S08E07;Matheus Fabris — Regex aplicado ao memoQ;As expressões regulares (Regex) são sequências de caracteres que descrevem padrões de pesquisa em texto. Essa tecnologia nos permite expandir o que é possível em nossas CAT tools, tornando-se útil a todas as etapas, do tradutor ao gerente de projetos. Iremos explorar técnicas de pesquisa avançada, a criação de novos filtros de importação para formatos incomuns, a automatização da inserção de tags e até mesmo a adição de novas regras de controle de qualidade que se integram totalmente ao memoQ.
S08E08;Luiza Levy e Renato R. Geraldes — Espelho, espelho na parede? Nem sempre é traduzindo que se traduz;"Uma grande armadilha na vida do intérprete e do tradutor é aquela frase famosa e sua tradução consagrada - às vezes até dá pra rebolar em volta dela, mas a lição de casa bem feita depende de muito mais do que simplesmente sabermos aquela frase “como ela é”. Temos que lembrar que a tradução vai muito além das palavras; ela abarca toda a cultura dos falantes dos idiomas fonte e alvo.
"
S08E09;Val Ivonica — Como integrar a ModernMT a seu fluxo de trabalho;Muito se fala nos últimos tempos sobre a IA na tradução, mas será que ela é mesmo a melhor opção para aumentar a nossa produtividade? Nesta palestra, veremos como a tradução de máquina (MT) adaptiva, especificamente a ModernMT, pode ser mais adequada para isso, com a vantagem de poder se integrar a praticamente qualquer CAT tool sem muito esforço.
S08E10;Leonardo Tórtoro — A ciência por trás dos jogos e o futuro dos diálogos;Você sabia que jogos têm diversas aplicações além do entretenimento? E que centenas, ou até mesmo milhares de artigos científicos sobre jogos são publicados todos os anos ao redor do mundo? Nesta palestra vamos conhecer melhor as diversas áreas da ciência que investigam jogos, seus potenciais além do entretenimento, e um foco maior nas pesquisas computacionais por trás dos jogos, especialmente aquelas que envolvem a parte narrativa deles, assim como sua tradução e localização.
S08E11;Marina Araujo — Tradução e revisão de artigos científicos em inglês: desafios e estratégias para tradutores profissionais;A tradução e a revisão de artigos científicos em inglês demandam um grande domínio do inglês, da escrita acadêmica e das expectativas de revistas internacionais. Nesta palestra, vou explorar as principais características da escrita científica em inglês e estratégias para oferecer boas traduções e revisar textos sem comprometer o estilo acadêmico. Também discutirei desafios atuais dos tradutores e revisores de textos científicos, como lidar com textos gerados por inteligência artificial, além de como se posicionar no mercado e atrair clientes qualificados. Se você deseja trabalhar com a tradução e a revisão acadêmica, essa palestra trará informações importantes para impulsionar sua atuação profissional.
S08E12;Jerusa Marreti — Missão impossível? Não! Como gerenciar projetos de tradução sem pirar;O gerenciamento de projetos de tradução exige equilíbrio entre prazos, qualidade, orçamento, adaptação às novas tecnologias e tendências do mercado, além de desenvolver um olhar criterioso sobre as questões humanas. Equilibrar todos esses pratos pode ser realmente desafiador! Esta palestra abordará as melhores práticas para otimizar fluxos de trabalho, evitar falhas de comunicação e trará dicas práticas e preciosas para evitar ou superar as armadilhas comuns no setor, com o objetivo de garantir projetos bem-sucedidos. Recomendado para todos os profissionais da área, o conteúdo trará insights e estratégias para um gerenciamento eficiente, sem custar sua saúde mental!
S08E13;Dinaura Julles — Regulamentação da Inteligência Artificial no Brasil, nos Estados Unidos e na Europa;A palestra “Regulamentação da Inteligência Artificial no Brasil, nos Estados Unidos e na Europa” apresentará inicialmente, conceitos e tipos de inteligências artificial, seguidos de um panorama dos marcos regulatórios nestas três localidades. Serão abordados os principais fatos, normas e desafios que envolvem a implementação dessas regulamentações, considerando o impacto em toda a sociedade.
S08E14;Cuidando da Voz: A Ferramenta Essencial do Intérprete — Luiza Brahemcha;A palestra aborda a importância da saúde vocal para tradutores-intérpretes, destacando cuidados essenciais para preservar a qualidade da voz. Serão discutidos fatores de risco, como uso excessivo da voz, ambiente inadequado e tensão muscular, além de hábitos saudáveis, como hidratação, pausas vocais e aquecimento. Também serão apresentados exercícios práticos para projeção e respiração, ajudando na resistência vocal. O objetivo é fornecer orientações para evitar fadiga, manter a clareza na comunicação e garantir longevidade profissional. Ao final, os participantes terão dicas aplicáveis no dia a dia e entenderão quando buscar acompanhamento especializado.
S08E15;Tradução Médica e ChatGPT: do Prontuário ao Prompt — Luciana Bonancio;Nesta palestra interativa e descontraída, Luciana Bonancio vai mostrar como transformar o ChatGPT em seu assistente de pesquisa na tradução de textos médicos. Vamos do prontuário ao prompt com estratégias para ajudar você a usar a inteligência artificial com segurança, bom senso e criatividade para pesquisar, revisar, adaptar e verificar se um termo realmente existe na língua alvo. Tudo isso com exemplos reais, atividades práticas e dicas de como explorar a inteligência artificial usando sua inteligência humana.
S08E16;Vinte anos de tradução: Carta a jovens tradutores — Michel Teixeira;"Ao passar em revista meus vinte anos de carreira no LinkedIn, resolvi fazer um post para compartilhar com quem está começando as coisas que aprendi durante a jornada no mercado de tradução. Essa palestra é um reflexo desse texto e pretende levar ao público da Translators 101 uma visão ainda mais pessoal de tudo que aprendi. Será um prazer compartilhar com vocês minhas ideias sobre repertório linguístico, leituras, ferramentas CAT, organização pessoal, estudos, visibilidade do tradutor e, como bônus, dar uns pitacos sobre inteligência artificial.
Quem vem comigo nessa?"
S08E17;Reflexões sobre estratégias de tradução — Sátia Marini;A tradução é feita de prática. Quanto mais uma pessoa traduz determinado assunto, melhor ela fica naquela especialidade. O tradutor não costuma refletir sobre o que está fazendo, simplesmente traduz com todo o conhecimento que carrega e não se detém para pensar nas estratégias usadas. Na verdade, não temos tempo para ficar filosofando com um prazo curto para entregar o serviço. Quando surge um problema e travamos na tradução, aí pedimos ajuda a alguém, tentamos reescrever de outra forma, buscamos alternativas. Aqui, vamos pensar no que fazemos inconscientemente e em outras estratégias/métodos/modalidades empregados no nosso trabalho diário.
S08E18;Tradução Audiovisual: Workflow da demanda à entrega — Bruna Andrade;Um panorama prático da tradução audiovisual no mercado profissional, com foco em legendagem e dublagem. A partir da experiência em grandes fluxos de mídia, serão abordadas as etapas que envolvem aquisição de conteúdos, avaliação técnica de materiais, processos de tradução, revisão, uso de glossários, ferramentas de apoio e desafios atuais, incluindo testes com IA. A proposta é mostrar como a tradução se integra ao ciclo completo de entrega de um conteúdo — do licenciamento à exibição — e destacar o papel estratégico do tradutor como mediador cultural e guardião da qualidade linguística.
S08E19;A IA e o futuro da tradução: uma análise do panorama atual e expectativas — Valter Mendes;Esta palestra analisa o impacto da inteligência artificial (IA) no cenário da tradução, mostrando o panorama atual e as expectativas em relação ao uso da IA na tradução. Serão discutidas as mudanças no mercado de tradução impulsionadas pela tecnologia, e a palestra também vai explorar como a IA está sendo integrada às ferramentas de tradução, automatizando tarefas e abrindo novas oportunidades de especialização.
S08E20;Além da Língua: Estratégias que Todo Intérprete Precisa Dominar — Manuela Sampaio;Dicas práticas para quem quer entrar na área ou se aprimorar na interpretação, com base nos meus 12 anos como intérprete. Desde como se preparar para diferentes cenários (eventos, reuniões, acompanhamento) até o uso inteligente de tecnologia e a construção de uma reputação sólida – sem ter que virar influencer. Abordaremos também a importância da boa gestão dos seus projetos profissionais.
S08E21;Tradução sobre trilhos — Fabio Santana;A palestra apresenta uma análise de traduções de avisos bilíngues no transporte público da cidade de São Paulo, com foco em sua clareza, naturalidade e acessibilidade para usuários estrangeiros. A partir da documentação de campo e da análise de escolhas tradutórias, serão discutidos os desafios práticos da tradução funcional em espaços urbanos multilíngues. A apresentação propõe reflexões sobre o papel social da tradução na mobilidade e na inclusão, além de abordar caminhos metodológicos para a pesquisa aplicada em tradução pública.
Semana Intensiva;Negociação avançada;"Negociação avançada
- Diferentes cenários de negociação
- Você no comando da negociação
- Blefar não é pecado, é estratégia
- Acompanhamento da negociação"
Semana Intensiva;Carteira qualificada;"Carteira qualificada
- Clientes que devem ser demitidos
- Clientes que devem ser fidelizados
- Clientes que devem servir como complementos apenas
- Como ter e manter clientes qualificados"
Semana Intensiva;Produtividade;"Produtividade
- Controle seu ambiente
- Saiba identificar o que não vale a pena
- Assuma o controle do seu tempo
- Trabalhe menos e ganhe mais"
Semana Intensiva;Gestão de renda;"Gestão de renda
- Não importa quanto você ganha
- Entenda logo: padrão de vida não é qualidade de vida
- Você quer status ou liberdade?
- Diferentes formas de alocação de recursos"
Spin-off_01;Tradução para dublagem;Uma conversa sobre tradução para dublagem com a equipe da SBD.
Spin-off_02;OFF;OFF
Spin-off_03;Síndrome do Impostor;Não tem descrição.
Spin-off_04;A língua inglesa e os textos para negócios;Não tem descrição.
Spin-off_05;O culto à pobreza na tradução: pecados, virtudes e uma pandemia — Luciana Bonancio;Talvez você nunca tenha ouvido falar sobre isto, mas com certeza vai se identificar com o assunto. A expressão foi criada em 1996, e 24 anos depois o assunto continua em voga. Continuamos a luta pela valorização da profissão e para aumentar a autoestima da categoria, ainda mais no meio dessa pandemia! Vamos discutir os sete pecados mortais do culto à pobreza na tradução, incluindo nossa tendência à nos preocuparmos mais em criticar o próximo do que descobrir como superar nossas falhas e de reclamar muito sem mudar nada, tudo isso de uma maneira leve e interativa.
Spin-off_06;OFF;OFF
Spin-off_07;OFF;OFF
Spin-off_08;Organizando suas contas — Luidg Quitete;Um dos principais desafios para tradutores e intérpretes é conseguir lembrar da terminologia. Com certa frequência esquecemos de termos ou pior ainda, às vezes nem lembramos de um termo/conceito das traduções e interpretações que fazemos! E se você conseguisse entender melhor como esse mecanismo funciona e aprender estratégias para manter os termos sempre na ponta da língua?
Spin-off_09;oficina de CNV — Priscila Stuani;"Nesta oficina, Priscila Stuani falará sobre o que é CNV (Comunicação Não Violenta) e como aplicá-la em nosso cotidiano.
A CNV nos ajuda a entender como lidar de modo mais saudável com nossas emoções, através de reflexões e reações mais conscientes. Em diferentes cenários, a comunicação não violenta favorece a manifestação e interação de todos envolvidos, pois cria um ambiente acolhedor.
Haverá um momento de ""mão na massa"" onde colocaremos em prática os 4 pilares da CNV (não julgar, identificar sentimentos, assumir responsabilidades e fazer pedidos) para contribuir na construção de repertório pautado na CNV."
Spin-off_10;20 termos de negócios e finanças que todo tradutor deve conhecer — Isa Mara Lando;"Tenho o prazer de convidá-los para uma palestra em que vamos estudar, de maneira simples, acessível e descontraída, alguns termos importantes de negócios e finanças em inglês, e suas traduções.
O tema faz parte da cultura geral e também tem forte interesse para tradutores, pois são numerosas as publicações sobre assuntos financeiros, tanto impressas como online. Muita gente precisa ler textos em inglês nessa área, seja por circunstâncias de trabalho, estudo ou interesse próprio.
E como pode o leitor, o estudante ou o tradutor compreender esse vocabulário? Como saber a diferença entre shares e bonds? O que significa fazer uma IPO ou dar furlough para os funcionários? Como se traduz chairman of the board?"
Spin-off_11;Os 10 da tradução literária 1;E para participar você precisa fazer um exercício, traduzindo outro texto, até o dia da oficina.
Spin-off_11;Os 10 da tradução literária 2;Não tem descrição.
Spin-off_12;Literatura para a vida — Natália Estrella;Nesta palestra Natália falará sobre como a leitura, para além de ser uma ferramenta de conhecimento, pode ser inserida na vida prática de forma objetiva através de técnicas de leitura e escrita que nos foram deixadas por mestres que dominaram o tema amplamente.
Spin-off_14;Uma conversa com Cleo Monteiro Lobato: alegrias e desafios de se traduzir Monteiro Lobato;Vamos bater um papo com Cleo Monteiro Lobato, bisneta do famoso escritor, sobre diversos aspectos da tradução de Reinações de Narizinho para o inglês e também sobre questões atuais que envolvem a adaptação da obra de Lobato.
Spin-off_15;Os intérpretes e a tecnologia: resultados de uma pesquisa longitudinal realizada entre 2020 e 2021 — Marsel de Souza e Patrizia Cavallo;"Nesta apresentação, Marsel e Patrizia compartilharão os resultados da pesquisa longitudinal intitulada “Tecnologias na Interpretação”, conduzida entre 2020 e 2021 com aproximadamente 100 intérpretes que trabalham com o português brasileiro no Brasil e no exterior.
O estudo se propôs a mapear o uso de tecnologias por parte desse grupo de intérpretes no espaço de um ano, inclusive no contexto da pandemia de Covid-19.
Também teve como objetivo registrar as impressões dos intérpretes em relação a adventos tecnológicos importantes da área da Interpretação e suas expectativas para a evolução tecnológica na próxima década.
Temas abordados: CAI tools, Interpretação Remota e Interpretação Automática."
Spin-off_16;Do laudo à bula: a variedade de textos na tradução médica — Luciana Bonancio;O trabalho do tradutor da área médica não se restringe a bulas e laudos. Nosso público-alvo são pacientes, especialistas, órgãos regulatórios e o público em geral e por isso trabalhamos com uma variedade de textos, incluindo folhetos informativos, pesquisas, documentos e até material de marketing. A tradução vai muito além das palavras. Os aspectos culturais também precisam ser considerados para levar saúde e conhecimento a todas as pessoas, independentemente do seu nível educacional. Venha descobrir mais sobre uma área da tradução em franca expansão.
Spin-off_17;Formação e mercado no par italiano-português: dicas para tradutores/intérpretes iniciantes e experientes — Patrizia Cavallo;Se você quer entrar no mercado da tradução/interpretação com a combinação italiano-português, ou caso já seja profissional experiente nessa área, mas deseje acrescentar o italiano às suas línguas de trabalho, não perca esta palestra! Patrizia Cavallo (@patriziacavallo_apuliatrad), que desde 2011 trabalha no Brasil com esta combinação linguística, dará dicas sobre oportunidades de formação e falará a respeito dos principais âmbitos de trabalho e das peculiaridades do mercado brasileiro.
Spin-off_18;“Só assisto legendado” X “Dublado é muito melhor!” – Será mesmo uma simples questão de preferência? — Deborah Cornélio e Dilma Machado;O trabalho do tradutor audiovisual especializado em legendagem ou dublagem é promover a acessibilidade de uma obra originalmente em língua estrangeira. Mas de que maneira essa ponte linguística pode ser feita? Existe uma forma melhor, mais fácil ou mais agradável para o espectador? Vamos ver juntos, nesta palestra, um panorama das duas modalidades e identificar a serviço de quem cada uma delas se coloca, através de pontos teóricos e exemplos comparativos de traduções das palestrantes e de colegas tradutores.
Spin-off_19;“Burnout” e o trabalho autônomo — Juliana Machado e Fernanda Oliveira;Como tem sido sua relação com o trabalho? Você sabe o que é a Síndrome de Burnout? Vamos juntos com as psicólogas Juliana Machado e Fernanda Oliveira, compreender como ela acontece, as estratégias de prevenção e as formas de cuidado.
Spin-off_20 1;Oficina: Word Avançado para tradutores 1 — Reginaldo Francisco;"- Como ganhar produtividade, qualidade e tempo para o café com uma ferramenta básica; - Tarefas repetitivas e maçantes que o Word pode fazer mais rápido e melhor que você; - Como agilizar a edição de textos longos; - Atalhos de teclado; - Usos avançados da função Localizar/Substituir; - Como diminuir seu ódio de tabelas."
Spin-off_20 2;Oficina: Word Avançado para tradutores 2 — Reginaldo Francisco;"- Como ganhar produtividade, qualidade e tempo para o café com uma ferramenta básica; - Tarefas repetitivas e maçantes que o Word pode fazer mais rápido e melhor que você; - Como agilizar a edição de textos longos; - Atalhos de teclado; - Usos avançados da função Localizar/Substituir; - Como diminuir seu ódio de tabelas."
Spin-off_21;Alquimistas da localização: Aventuras de ume equipe brasileira no LocJam Made in Italy;"""Vamos participar da Locjam?"" Esta frase levou à criação de um grupo bem diversificado de tradutores com experiências e competências diferentes e um objetivo em comum: participar do evento conhecido como ""Locjam Made in Italy"", que aconteceu no fim de 2023, com o objetivo de fazer a localização de um jogo a partir do italiano para o português brasileiro."
Spin-off_22;Wordscope + ChatGPT for Translators — Philippe Mercier;"AI is transforming the translation industry, offering you tools to boost productivity and streamline your workflow. In this webinar, we’ll explore how Wordscope, a sophisticated computer-assisted translation platform available on Mac and PC, seamlessly integrates with AI tools like DeepL and ChatGPT to help you work faster, more accurately, and with greater consistency.
In this session, you will:
• Discover how to receive translation suggestions from multiple MT engines for each segment, allowing you to choose the best contextual fit for your work.
• Explore how to access ChatGPT directly within Wordscope to research definitions, clarify scientific concepts, rephrase sentences, or review grammar and spelling—all without leaving your workspace. You’ll also see how ChatGPT can automatically proofread translations, ensuring they remain faithful to the original.
• Learn how trusted public terminology databases, integrated directly into Wordscope, are queried automatically to give you access to accurate terminology.
We’ll also show you how your private glossaries can be automatically connected to DeepL and ChatGPT to ensure they provide you with translation suggestions featuring accurate and consistent terminology throughout your work. 
Using all these new resources with your private Translation Memories will transform the way you work and improve your productivity, helping you deliver translations of the highest quality with enhanced speed and consistency.
Whether you’re a seasoned professional or exploring new ways to enhance your practice, this session offers an insightful look into the future of AI in the translation industry. Join us to discover how you can take control of AI and stay competitive in a fast-evolving field.
"
Spin-off_23;Novidades da Avellan — Lígia Sobral Fragano e Guilherme Gama;Resumo: Neste breve encontro, vamos compartilhar com a comunidade de tradução e legendagem as atualizações mais recentes da Avellan, a plataforma de legendagem automática da Little Brown Mouse. Também iremos introduzir a Avellan Translate, a nova ferramenta em desenvolvimento que amplia o suporte à pós-edição de traduções automáticas. Esperamos você para compartilhar essas novidades e trocar ideias. Nos vemos lá!
T101 + Phorte;O estudo da língua inglesa;Não tem descrição.
T101 + Phorte;A importância da formação do tradutor;Não tem descrição.
T101 + Phorte;Tradução Literária vs Tradução Editorial;Não tem descrição.
T101 + Phorte;O ensino da interpretação;Não tem descrição.
T101 + Phorte;Palavras que Cruzam Fronteiras: O Mundo da Interpretação de Conferências — Ana Julia Perrotti;Descubra o mundo dinâmico da interpretação de conferências! Explore o papel crucial dos intérpretes na comunicação global, aprenda sobre as técnicas utilizadas para garantir a compreensão fluida entre participantes de diferentes culturas e idiomas. Desvende os segredos das modalidades simultânea, consecutiva e sussurrada. Mergulhe em uma carreira empolgante e significativa no universo da interpretação de conferências. Não perca a oportunidade de se inspirar nessa fascinante área que une idiomas, cultura e comunicação global.
T101+PUC-Rio;Mesa da interpretação;A PUC-Rio e a Translators101 apresentam duas mesas com profissionais que falarão sobre o mercado e boas práticas de tradução e interpretação.
T101+PUC-Rio;Mesa da tradução;A PUC-Rio e a Translators101 apresentam duas mesas com profissionais que falarão sobre o mercado e boas práticas de tradução e interpretação.
T101+Quijote;Interpretação Espanhol <> Português e a Tecnologia! — Marcelo Andreoti;Nesse encontro, teremos um diálogo sobre os caminhos que a interpretação está encontrando em um mundo pós-pandemia. O que um mercado dominado por Inteligência Artificial, Internet das Coisas, Aprendizado da Máquinas e tantas novas nomenclaturas como Wearables, B2B, SaaS e muito mais, busca nesses novos profissionais que devem oferecer soluções linguísticas?
T101+TRADUSA;Tradução Médica: muito mais que traduzir bulas — Ana Julia Perrotti;Nesta palestra, você descobrirá com Ana Julia quais são os primeiros passos para entrar num mercado que vem crescendo a cada dia: a tradução de textos da área da saúde. E também sobre as diferentes áreas de atuação, quais os principais requisitos e os caminhos para a profissionalização e aprimoramento profissional.
Terça-feira da Cultura;Terça-feira da Cultura I — Isa Mara Lando;Isa conversará por uma hora sobre músicas, filmes e livros. A ideia é aprimorar nosso repertório cultural, com material selecionado.
Terça-feira da Cultura;Terça-feira da Cultura II — Isa Mara Lando;Mais uma nova atividade que passa a fazer parte do que oferecemos na Translators101: Terça-feira da Cultura, com Isa Mara Lando! Isa conversará por uma hora sobre duas músicas, um filme e um livro. A ideia é aprimorar nosso repertório cultural.
Terça-feira da cultura;Terça-feira da Cultura III — Isa Mara Lando;Mais uma nova atividade que passa a fazer parte do que oferecemos na Translators101: Terça-feira da Cultura, com Isa Mara Lando! Isa conversará por uma hora sobre duas músicas, um filme e um livro. A ideia é aprimorar nosso repertório cultural.
Terça-feira da cultura;Terça-feira da Cultura IV — Isa Mara Lando;Mais uma nova atividade que passa a fazer parte do que oferecemos na Translators101: Terça-feira da Cultura, com Isa Mara Lando! Isa conversará por uma hora sobre duas músicas, um filme e um livro. A ideia é aprimorar nosso repertório cultural.
Terça-feira da cultura;Terça-feira da Cultura V — Isa Mara Lando;Mais uma nova atividade que passa a fazer parte do que oferecemos na Translators101: Terça-feira da Cultura, com Isa Mara Lando! Isa conversará por uma hora sobre duas músicas, um filme e um livro. A ideia é aprimorar nosso repertório cultural.
TRADUSA;Assisti House. Estou pronto para traduzir;Não tem descrição.
Especial ITD 2023;Golpes: é possível se prevenir? — Francine Oliveira;A internet, e em especial as redes sociais, trouxeram diversas facilidades para profissionais do texto. Com isso, no entanto, vieram também as tentativas de golpes. Diariamente, deparamo-nos com um excesso de informações, mensagens, e-mails, propostas e, muitas vezes, não conseguimos discernir se a empresa ou o profissional que está nos contratando é quem de fato afirma ser ou se estamos diante de alguém que quer tirar nosso dinheiro – ou, ainda, obter nossos dados. Algumas técnicas e ferramentas podem nos ajudar a identificar que algo está errado e, nesta palestra, irei falar sobre algumas delas.
Especial ITD 2023;Tradução X Versão Brasileira: diferenças e importância do seu texto no dia a dia dos profissionais de dublagem — Leo Pinheiro;"É certo que se chegou até aqui (no mercado de trabalho) você tem ótimo conhecimento do idioma que traduz para o português - e, é claro, de nossa língua mátria.
Porém, o que destaca seu texto para os dubladores, diretores de dublagem, e público em geral? E como você pode melhorar suas traduções, para torná-las excelentes versões brasileiras, e se distinguir dos seus concorrentes?
Nesta palestra, vou responder essas questões… E tudo mais que você sempre quis saber sobre como a tradução de produtos audiovisuais é tratada dentro de um estúdio de dublagem, e nunca teve chance de perguntar."
Especial ITD 2023;Como traduzir sem perder tempo com pesquisas — Ascanio Roquette;Dependendo do segmento da tradução, podemos gastar boa parte de um dia de trabalho apenas com pesquisas na Internet. Se pudéssemos reduzir esse tempo para gastá-lo com a tradução em si, poderíamos aumentar consideravelmente nossa receita. Nesse encontro, você vai ficar conhecendo uma plataforma de trabalho interativa – específica para tradutores – contendo mais de 300.000 verbetes, incluindo termos, expressões idiomáticas, gírias, frases comuns e milhares de termos técnicos de todos os segmentos, além de exemplos para não deixar dúvidas. Ascanio vai demonstrar como essa plataforma pode nos ajudar a reduzir o tempo gasto com pesquisas em até 70%.
Especial ITD 2024;Técnicas de pesquisa para tradutores — Raphael Corrêa;Nesta palestra, falaremos sobre pesquisa de terminologia para tradutores, assunto tão importante e presente no nosso cotidiano profissional. Trarei minha experiência e visão sobre o assunto, mostrando diferentes estratégias para se tornar um pesquisador eficiente e atento aos detalhes. Veremos tópicos importantes, como contexto, viés confirmatório, fontes de referência, dicionários, glossários, operadores de pesquisa e pesquisa de corpus, e apresentarei ferramentas que serão de grande auxílio ao tradutor durante suas pesquisas. Não perca!
Mesa-redonda Especial ITD 2023;A tradução literária hoje: desafios de entrada, permanência e viabilidade;Uma roda de conversa sobre tradução literária com Guilherme Braga, Ivar Panazzolo Jr., Lenita Pisetta, Paulo Henriques Britto, Petê Rissatti e Regiane Winarski
;;
;;
;;
;;
;;
;;
;;
;;
;;
;;
;;
;;
;;
;;
;;
;;
;;
;;
;;
;;
;;
;;
;;
;;
;;
;;
;;
;;
;;
;;
;;
;;
;;
;;
;;
;;
;;
;;
;;
;;
;;
;;
;;
;;
;;
;;
;;
;;
;;
;;
;;
;;
;;
;;
;;
;;
;;
;;
;;
;;
;;
;;
;;
;;
;;
;;
;;
;;
;;
;;
;;
;;
;;
;;
;;
;;
;;
;;
;;
;;
;;
;;
;;
;;
;;
;;
;;
;;
;;
;;
;;
;;
;;
;;
;;
;;
;;
;;
;;
;;
;;
;;
;;
;;
;;
;;
;;
;;
;;
;;
;;
;;
;;
;;
;;
;;
;;
;;
;;
;;
;;
;;
;;
;;
;;
;;
;;
;;
;;
;;
;;
;;
;;
;;
;;
;;
;;
;;
;;
;;
;;
;;
;;
;;
;;
;;
;;
;;
;;
;;
;;
;;
;;
;;
;;
;;
;;
;;
;;
;;
;;
;;
;;
;;
;;
;;
;;
;;
;;
;;
;;
;;
;;
;;
;;
;;
;;
;;
;;
;;
;;
;;
;;
;;
;;
;;
;;
;;
;;
;;
;;
;;
;;
;;
;;
;;
;;
;;
;;
;;
;;
;;
;;
;;
;;
;;
;;
;;
;;
;;
;;
;;
;;
;;
;;
;;
;;
;;
;;
;;
;;
;;
;;
;;
;;
;;
;;
;;
;;
;;
;;
;;
;;
;;
;;
;;
;;
;;
;;
;;
;;
;;
;;
;;
;;
;;
;;
;;
;;
;;
;;
;;
;;
;;
;;
;;
;;
;;
;;
;;
;;
;;
;;
;;
;;
;;
;;
;;
;;
;;
;;
;;
;;
;;
;;
;;
;;
;;
;;
;;
;;
;;
;;
;;
;;
;;
;;
;;
;;
;;
;;
;;
;;
;;
;;
;;
;;
;;
;;
;;
;;
;;
;;
;;
;;
;;
;;
;;
;;
;;
;;
;;
;;
;;
;;
;;
;;
;;
;;
;;
;;
;;
;;
;;
;;
;;
;;
;;
;;
;;
;;
;;
;;
;;
;;
;;
;;
;;
;;
;;
;;
;;
;;
;;
;;
;;
;;
;;
;;
;;
;;
;;
;;
;;
;;
;;
;;
;;
;;
;;
;;
;;
;;
;;
;;
;;
;;
;;
;;
;;
;;
;;
;;
;;
;;
;;
;;
;;
;;
;;
;;
;;
;;
;;
;;
;;
;;
;;
;;
;;
;;
;;
;;
;;
;;
;;
;;
;;
;;
;;
;;
;;
;;
;;
;;
;;
;;
;;
;;
;;
;;
;;
;;
;;
;;
;;
;;
;;
;;
;;
;;
;;
;;
;;
;;
;;
;;
;;
;;
;;
;;
;;
;;
;;
;;
;;
;;
;;
;;
;;
;;
;;
;;
;;
;;
;;
;;
;;
;;
;;
;;
;;
;;
;;
;;
;;
;;
;;
;;
;;
;;
;;
;;
;;
;;
;;
;;
;;
;;
;;
;;
;;
;;
;;
;;
;;
;;
;;
;;
;;
;;
;;
;;
;;
;;
;;
;;
;;
;;
;;
;;
;;
;;
;;
;;
;;
;;
;;
;;
;;
;;
;;
;;
;;
;;
;;
;;
;;
;;
;;
;;
;;
;;
;;
;;
;;
;;
;;
;;
;;
;;
;;
;;
;;
;;
;;
;;
;;
;;
;;
;;
;;
;;
;;
;;
;;
;;
;;
;;
;;
;;
;;
;;
;;
;;
;;
;;
;;
;;
;;
;;
;;
;;
;;
;;
;;
;;
;;
;;
;;
;;
;;
;;
;;
;;
;;
;;
;;
;;
;;
;;
;;
;;
;;
;;
;;
;;
;;
;;
;;
;;
;;
;;
;;
;;
;;
;;
;;
;;
;;
;;
;;
;;
;;
;;
;;
;;
;;
;;
;;
;;
;;
;;
;;
;;
;;
;;
;;
;;
;;
;;
;;
;;
;;
;;
;;
;;
;;
;;
;;
;;
;;
;;
;;
;;
;;
;;
;;
;;
;;
;;
;;
;;
;;
;;
;;
;;
;;
;;
;;
;;
;;
;;
;;
;;
;;
;;
;;
;;
;;
;;
;;
;;
;;
;;
;;
;;
;;
;;
;;
;;
;;
;;
;;
;;
;;
;;
;;
;;
;;
;;
;;
;;
;;
;;
;;
;;
;;
;;
;;
;;
;;
;;
;;
;;
;;
;;
;;
;;
;;
;;
;;
;;
;;
;;
;;
;;
;;
;;
;;
;;
;;
;;
;;
;;
;;
;;
;;
;;
;;
;;
;;
;;
;;
;;
;;
;;
;;
;;
;;
;;
;;
;;
;;
;;
;;
;;
;;
;;
;;
;;
;;
;;
;;
;;
;;
;;
;;
;;
;;
;;
;;
;;
;;
;;
;;
;;
;;
;;
;;
;;
;;
;;
;;
;;
;;
;;
;;
;;
;;
;;
;;
;;
;;
;;
;;
;;
;;
;;
;;
;;
;;
;;
;;
;;
;;
;;
;;
;;
;;
;;
;;
;;
;;
;;
;;
;;
;;
;;
;;
;;
;;
;;
;;
;;
;;
;;
;;
;;
;;
;;
;;
;;
;;
;;
;;
;;
;;
;;
;;
;;
;;
;;
;;
;;
;;
;;
;;
;;
;;
;;
;;
;;
;;
;;
;;
;;
;;
;;
;;
;;
;;
;;
;;
;;
;;
;;
;;
;;
;;
;;
;;
;;
;;
;;
;;
;;
;;
;;
;;
;;
;;
;;
;;
;;
;;
;;
;;
;;
;;
;;
;;
;;
;;
;;
;;
;;
;;
;;
;;
;;
;;
;;
;;
;;
;;
;;
;;
;;
;;
;;
;;
;;
;;
;;
;;
;;
;;
;;
;;
;;
;;
;;
;;
;;
;;
;;
;;
;;
;;
;;
;;
;;
;;
;;
;;
;;
;;
;;
;;
;;
;;
;;
;;
;;
;;
;;
;;
;;
;;
;;
;;
;;
;;
;;
;;
;;
;;
;;
;;
;;
;;
;;
;;
;;
;;
;;
;;
;;
;;
;;
;;
;;
;;
;;
;;
;;
;;
;;
;;
;;
;;
;;
;;
;;