Palestrante;Minibio
Adriana Fernandes Morais Martins;Adriana Martins é historiadora, escritora e tradutora. Ela quem traduziu, para o francês e inglês, o primeiro volume de seu romance de estreia, Berenice da Capadócia: a jornada do não-herói.
;
Adriana Machado;Intérprete de conferências há 14 anos. Experiente em todas as modalidades de interpretação: simultânea, consecutiva, sussurrada, acompanhamento em diversos formatos, além de todas as atividades de interpretação relacionadas a pesquisas de mercado.
;
Aldo Vidor;Profissional com sólida experiência em Interpretação Simultânea, Consecutiva e Acompanhamento tanto presencialmente quanto através de ferramentas remotas (RSI), bem como em Tradução Técnica/Literária. Formou-se em Interpretação de Conferência pela PUC/SP, Bacharelado e Licenciatura em Geografia pela FFLCH/USP e concluiu cursos em renomadas instituições, como a Universidade de Edimburgo, na Escócia. É membro efetivo da APIC desde 2020 com os idiomas Português (A), Inglês e Espanhol (B)
;
Alessandra Harmel;Tradutora Pública e Intérprete Comercial nomeada e em função ativa desde o ano 2000. Professora Mestre em Cursos de Bacharelado em Tradução, Interpretação e Língua Inglesa na FMU e Uninove (Universidade Nove de Julho). Docente de Graduação e Pós Graduação nas áreas de Tradução, Letras e de Administração de Empresas e Ciências Contábeis na Universidade Anhanguera. Possui graduação em Direito pela Pontifícia Universidade Católica de São Paulo (1987), Licenciatura em Língua Inglesa pela Universidade Mackenzie (1993), Pós Graduação em Tradução pelo Centro Universitário Ibero Americano (Universidade Anhanguera - 2011) e Pós Graduação em Metodologias e Gestão de Educação à Distância Universidade Anhanguera (Dezembro de 2012). Mestrado em Estudos da Tradução pelo Departamento de Letras Modernas da Faculdade de Filosofia, Letras e Ciências Humanas (FFLCH) da Universidade de São Paulo (2018) e Pós Graduação em Direito Empresarial e Processo Civil pela FMU (2021).
;
Aline Tomasuolo;Aline Tomasuolo é tradutora desde 2012, mestre em Linguística Aplicada e Estudos da Linguagem (PUC-SP) com a tese de mestrado: “É possível distinguir a tradução automática da tradução humana? Uma perspectiva baseada em corpus e aprendizagem de máquina”. Também é formada em Letras Português e Inglês (Mackenzie), especializada em Tradução Jurídica (IASP), Tradução Financeira (APIMEC) e Liderança & Inglês Corporativo (NYU). Fundou a Express Comunicações, empresa especializada em traduções técnicas e certificadas com uma metodologia sistemática e inovadora de controle de qualidade. Presta consultoria nas áreas de treinamento em tradução, CAT tools, captação de tradutores e controle de qualidade.
;
Alison Entrekin;A australiana Alison Entrekin traduz obras de ficção brasileiras para o inglês, entre os quais Budapeste, de Chico Buarque, Cidade de Deus, de Paulo Lins, Perto do coração selvagem, de Clarice Lispector e O meu pé de laranja lima, de José Mauro de Vasconcelos. Em 2019, Alison recebeu o NSW Premier’s Translation Prize e Medalha PEN Austrália, pelo conjunto da obra. Atualmente prepara uma nova tradução para o inglês de Grande Sertão: Veredas, de João Guimarães Rosa, com apoio do Itaú Cultural, que já lhe rendeu o AAWP Translators’ Prize de 2022.
;
Amanda Moura;Fundadora da escola Amanda Moura Editorial, é professora nas áreas de tradução, revisão de textos e produção textual e mediadora de um clube de leitura. Tradutora e revisora, no YouTube.com/amandamouraeditorial ministra aulas sobre temas de interesse de profissionais do texto e do audiovisual e entrevista convidados. É formada em Letras – Tradução e Interpretação (Unibero), mestra em Linguística Aplicada e Estudos da Linguagem (PUC-SP) e cursa Teatro no Teatro Escola Macunaíma.
;
Amarilis Okida;"Amarilis Okida é paulistana e formou-se em Tradução e Interpretação pela USJT (SP). Tem especializações em Língua inglesa e em English Composition pela Duke University, atua na área há mais de quinze anos. Apaixonada por literatura, conseguiu realizar o sonho de ser tradutora editorial. Idiomas e Rock’n Roll mexem com seu coração e ela fotografa bandas nas horas vagas. Alguns trabalhos de tradução: The Power of One (O poder de um jovem) – Bryce Courtenay; My Big Fat Zombie Goldfish (Meu peixe- zumbi) – Mo O’Hara; Blessed are Those Who Thirst (Números de azar) – Anne Holt; The Three Strangers (Os três forasteiros) – Thomas Hardy. e A Rough Shed (Trabalho sujo) – Henry Lawson. É mãe do Leon, da Layla e da Alice."
;
Ana Elisa Ribeiro;Minha atividade principal, aquela que declaro à Receita Federal e que paga todos os meus boletos, além de tomar imensa parte do meu tempo, é a de professora. Atuo nos ensinos superior e médio do Centro Federal de Educação Tecnológica de Minas Gerais, o CEFET-MG, centenária e prestigiosa instituição de ensino. Sou professora efetiva na sede, o campus I, em Belo Horizonte, desde 2006, onde ajudei a escrever uma história bonita: a fundação do curso de Letras (bacharelado em Tecnologias da Edição) e do Programa de Pós-Graduação em Estudos de Linguagens, mestrado e doutorado, com particular atenção à linha IV (‘4, como gosto de grafar), Edição, Linguagem e Tecnologia, institucionalizando uma visão independente do que sejam os estudos de edição.
;
Ana Julia Perrotti;Doutora em Língua e Literatura Inglesa pela FFLCH da USP-SP, mestre em Linguística Aplicada e especialista em Interpretação de Conferências pela PUC-SP. Cursou Medical Interpretation na University of Massachusetts em Framingham (EUA). Audiodescritora desde 2009, com experiência em eventos ao vivo (lives de Marília Mendonça, Bruno & Marrone, Paralamas do Sucesso, Monica Salmaso e Maiara & Maraísa, entre outras), filmes, séries, e audiolivros. Autora de diversos dicionários e cursos de inglês. Palestrante nacional e internacional, tendo proferido palestras e cursos em Portugal, Austrália, Irlanda, Inglaterra e Estados Unidos.
;
Ana Carolina Ribeiro;Interessada em marketing desde que ganhou um concurso cultural de criação de slogans para uma banda islandesa aos 17 anos, Ana Carolina Ribeiro (Braziliantly Creative) é transcriadora e copywriter, com 12 anos de experiência na tradução de materiais publicitários de inglês e espanhol para o português do Brasil. Além disso, é professora de Tradução Criativa para Marketing e de Linguagem Inclusiva na interpret2b.
;
Ana Saldanha;Ana Saldanha, tradutora de Inglês e Espanhol para Português há 13 anos, mentora de tradutores, professora na Pós-Graduação em Tradução na Universidade Autónoma de Lisboa, Portugal e, atualmente, a fazer Doutorado em Tradução na Universidade de Vigo em Espanha com ênfase em Mentoring para Tradutores.
;
Andrea Gonçalves Pinto;Formada em Letras-Português e Inglês pela Universidade de São Paulo, atuo no mercado de serviços linguísticos há mais de 25 anos, desde 1994. Trabalhei em diferentes empresas, de multinacionais a agências locais, e sempre estive envolvida em atividades de gerenciamento de projetos, controle de qualidade e tradução/revisão. Hoje, sou sócia-diretora da Transmaster Traduções, uma LSP baseada em São Paulo. Entre as áreas em que atuamos estão: TI/tecnologia em geral, marketing corporativo, telecomunicações, turismo, varejo e e-learning. Faço parte também da Diretoria da BLISS (Brazilian Language Industry Association), a primeira associação de empresas do setor de serviços linguísticos a ser criada no Brasil.
;
André Gabeh;André Gabeh é escritor com cinco livros lançados, três adultos e dois para o público infantil. Tem dois álbuns musicais autorais. É ilustrador e professor de técnica vocal. Trabalha como Roteirista do Programa VAI QUE COLA. Já foi Colunista do Jornal O Dia e atualmente está em turnê com a cantora Áurea Martins no espetáculo Senhora das Folhas.
;
Andréia Manfrin Alves;Tem graduação em Letras pela Universidade de São Paulo (2006) e mestrado em Didática do Ensino do Francês e de Línguas - Université Sorbonne Nouvelle - Paris 3 (2010). Atualmente é doutoranda em tradução de literatura infantojuvenil no programa de Literatura e Crítica Literária da Universidade Católica de São Paulo - PUC/SP. Na área profissional, é tradutora, intérprete, professora de tradução editorial e professora de português da Interpret2B. Tem experiência na área de Letras, com ênfase em Línguas Estrangeiras Modernas, atuando principalmente nos seguintes temas: tradução editorial, tradução de literatura infantojuvenil, tradução audiovisual, interpretação consecutiva, interpretação simultânea, ensino de tradução.
;
Andréia Souza;Tradutora e Pós-editora na Korn Traduções, especializada no par EN<>PT em Economia e Finanças. Bacharela em Letras - Tradutor/Intérprete pela UNIBERO e Pós-graduada em Tradução pela Universidade Estácio, é entusiasta de ferramentas, tendências e formas de trabalho que potencializem a atuação do linguista moderno.
;
André Ribeiro;André Ribeiro é especialista em LinkedIn, tradutor, palestrante, mentor e empreendedor. Acumula 14 anos de carreira como tradutor profissional em centros de aprendizagem de TI e agências de tradução de São Paulo. Desde 2016, atua como microempresário, atendendo clientes de tradução nas Américas, Europa e Ásia nos idiomas português, espanhol e inglês. André também é mentor de empresários, profissionais liberais e autônomos, abordando temas como LinkedIn, produtividade e empreendedorismo. É apaixonado por livros de marketing, inovação, criatividade e finanças e encontra equilíbrio na música, na meditação, nos esportes e nos momentos em família.
;
Andressa Furlan Ferreira;Doutoranda em Linguística Aplicada pela Universidade Estadual de Campinas e bolsista da CAPES. Atua na linha de pesquisa Linguagens, Transculturalidade e Tradução, sob a orientação da Profa. Dra. Érica Lima. É integrante do grupo de pesquisa “E por falar em tradução” (Unicamp/USP-CNPq). Tem graduação em Letras Inglês pela Universidade de Brasília e mestrado em Ciências das Religiões pela Universidade Federal da Paraíba. Já participou do curso de inverno de língua e cultura alemã (DAAD-Winterkurs) na Universidade de Colônia (Alemanha). Seus temas de pesquisa envolvem tradução, folclore, artes e história.
;
Andressa Gatto;"Tradutora desde 2005, revisora desde 2010 e intérprete de conferências desde 2017. Bacharel em Letras (Português – Inglês) pela UFRJ, pós-graduada em Tradução de Inglês pela Universidade Gama Filho e formada em Interpretação de Conferências (com especialização em Interpretação Comunitária pela UnB). Seus trabalhos de legendagem e revisão podem ser vistos nas principais plataformas de streaming. Há seis anos, ministra aulas de Tradução Audiovisual. É mentora voluntária do Programa Caminho das Pedras, promovido pela ABRATES. Em 2023, abriu os Cursos Gatto, sua escola de Legendagem, que conta com três cursos: o Minicurso de Prática de Legendagem, o Minicurso de Legendagem para Iniciantes e o Minicurso de Subtitle Edit.
"
;
Anna Ligia Pozzetti;Anna Ligia é intérprete de conferências de japonês. É certificada pelo Center for Interpretation and Translation Studies da University of Hawaii at Manoa, como intérprete de conferências, nos pares japonês/inglês. É formada em ciências econômicas pela Unicamp e mestre em história econômica pela mesma universidade, com pesquisa sobre a formação do capitalismo no Japão. Trabalha como intérprete desde 2012 e possui uma vasta experiência em diversas áreas, como economia, finanças, arquitetura, educação, cultura e arte. Apaixonada pelo ofício do intérprete, sempre busca o aprimoramento profissional através de cursos dentro e fora do Brasil. É membro efetivo da APIC e associada ao SINTRA e à ABRATES. É instrutora de interpretação simultânea inglês-português na Alumni.
;
Anna Vianna;Formada Intérprete de Conferência em 1996 e Tradutora em 1998 pela PUC-Rio, Anna Vianna abriu a Simultânea Ltda em 1998 e desde então trabalha exclusivamente com tradução escrita e tradução simultânea em eventos internacionais. Em 2006 foi aprovada em um teste realizado pelo FMI e se tornou intérprete para a instituição em missões para a África e durante as reuniões anuais conjuntas do FMI e do Banco Mundial. Em 2008, também como resultado de um teste, Anna Vianna se tornou a intérprete da transmissão da cerimônia do Oscar pela Rede Globo. Anna é membro das mais importantes associações de intérpretes e tradutores nacionais e internacionais, como a AIIC, APIC e Sintra. Anna Vianna é carioca, triatleta e mãe de dois filhos.  O que ninguém sabe sobre a Anna é que ela é mestre em biofísica e sabe sequenciar um vírus!
;
Any Marry;Any Marry é tradutora inglês <> português e Mestre em História pela PUC-SP. A tradução fez parte da sua vida desde adolescência, quando traduzia conteúdos de fã para fãs, até a sua formação em história como pesquisadora de literatura de viagem e colonialismo. Aprender a importância de arquivar e organizar documentação/arquivos vem da experiência profissional em centros de memória de entretenimento e empresarial. A junção de história, pesquisa, arquivo e tradução formam a profissional e pessoa, Any Marry. 
;
Ascanio Roquette;Ascanio Roquette foi professor de inglês por quinze anos, período em que também exerceu o cargo de Coordenador e Diretor de Escola de Inglês. A partir de 1992, passou a se dedicar à tradução. Foi o tradutor do projeto “Harvard ManageMentor” lançado no Brasil em português pela Universidade de Harvard. Foi responsável pela internacionalização de todos os documentos contratuais e técnicos da Vale. É formado em letras pela UFMG e possui os Certificados de Operational Competence in English pela Southern Illinois University (USA) e Proficiency de Michigan (USA) e Cambridge (UK). É o fundador e criador do AVRO dx.
;
Beatriz Araujo;"Tradutora Inglês - Português certificada pela Abrates. • Patentes para indústria farmacêutica Livros técnicos (medicina, farmácia, química e bioquímica) • Dados de segurança de materiais (químicos, dispositivos médicos entre outros) • Manuais de dispositivos e equipamentos médicos (patentes incluídas) • Relatórios de ensaios clínicos e protocolos para Drug Regulatory Affairs - Indústria Farmacêutica • Documentos de saúde pública (Fiocruz, entre outros) • Documentação técnica para indústria farmacêutica e química (patentes, relatórios, legislação, produção, controle de qualidade, validação, assuntos regulatórios); indústria de petróleo e gás (petroquímica) • Artigos (papers) para pesquisa médica e farmacêutica Atividade profissional Mentoria (ABRATES) – mentora de tradutores recém-formados / Desde 2016 Especialidades: ciências da vida, patentes (indústria farmacêutica), artigos, química. Livros técnicos."
;
Beatriz Santana;"Foi sócia-fundadora e uma das idealizadora da IPSIS LITTERIS Assessoria Educacional e Linguística, onde atuou como diretora acadêmica de 2018 a 2020. Participou da implantação do programa federal PLANO NACIONAL ALFABETIZAÇÃO NA IDADE CERTA (PNAIC) no Estado de São Paulo no ano de 2013 pela UFSCAR. Atuou no PROJETO VOLUNTÁRIO AMAZON VIDA 2011, com formação de professores e contação de história para crianças nas comunidades Ribeirinhas; e no Projeto SER UM MANO nos anos de 2002/2003, com adolescentes apreendidos na FEBEM TATUAPÉ. É membro voluntário da Comissão da ABNT (Associação Brasileira de Normas Técnicas) desde 2007. Atualmente é Especialista da área de Educação, Artes e Humanidades da Rede Laureate Brasil, contratada pelo Centro Universitário das Faculdades Metropolitanas Unidas (FMU), uma das instituições dessa rede de ensino. Na FMU é professora dos cursos de Letras, Tradução e Interpretação, e Artes Visuais."
;
Bete Köninger;Bete Köninger é tradutora e intérprete, especializada no par alemão-português, com mais de 25 anos de experiência como tradutora juramentada na Alemanha. Formada em jornalismo pela Universidade Federal Fluminense, ela emigrou para a Alemanha no século passado, onde foi jornalista freelancer, ensinou português para estrangeiros, fez uma especialização técnica em segurança ocupacional, trabalhou para o consulado do Brasil e entrou para o mundo da tradução, sendo aprovada no exame para tradutores públicos. De 2008 a 2009, foi professora convidada a ministrar o curso de comunicação intercultural na Universidade de Ciências Aplicadas de Aalen.
;
Bhernardo Viana;O mundo dos jogos digitais é muito conhecido por várias pessoas. Muitos já baixaram um jogo no celular ou viram parentes e amigos jogando alguma coisa. Mas mesmo para quem conhece os games, o mundo dos esportes eletrônicos ainda é um mistério. O que são, afinal, os esports? Como as pessoas vivem disso, por que são uma tendência e qual é a situação da tradução no ramo?
;
Bianca da Costa;"Bacharela em tradução pela PUC-SP, Bianca da Costa atua há nove anos na área de tradução para dublagem no par inglês-português e tem mais de quatrocentas horas de produções traduzidas; incluindo séries, documentários, realities e longas-metragens. Atualmente, Bianca assina os roteiros de tradução para dublagem de Percy Jackson e os Olimpianos, Wish: O Poder dos Desejos e Ginny e Georgia."
;
Bianca Melyna;Bianca Melyna Filgueira é tradutora, legendadora, revisora e designer de jogos de mesa. Trabalha com tradução no par francês <> português desde 2013. É formada em História, Letras-Francês e é mestre em História, todos pela Universidade Federal de Santa Catarina. Possui 3 jogos de mesa publicados no Brasil, sendo um deles premiado como melhor jogo expert de designer nacional em 2018. Atualmente, está estudando processos de retextualização em Estudos da Tradução.
;
Bruna Andrade;Trabalha com Tradução Audiovisual na Globo, acompanhando de perto o caminho que um conteúdo percorre — da tradução à tela. Atua com curadoria, revisão, padronização e apoio a dublagem e legendagem, além de colaborar no desenvolvimento de fluxos, testes com IA, criação e organização de glossários e manuais. Usando técnica, estratégia e cuidado com a linguagem, busca entregar histórias que se conectem com o público.
;
Bruna Beatriz;Bruna Beatriz Gabriel é curiosa e apaixonada pela tradução, especializada em localização de videogames e aplicativos. Com experiência prática em Diablo Immortal, HearthStone, jogos para celular da Kahoot! e seus parceiros, como a Disney, combina a formação prévia em Relações Internacionais e mais de 10 anos de estudo e trabalho como tradutora de português para entregar experiências digitais idiomáticas e imersivas ao público brasileiro. Mais recentemente, vem contribuindo para a tradução por meio da educação, seja por meio de palestras, cursos ou artigos de blog. É uma leitora voraz e vive na multicultural Montreal há 5 anos.
;
Bruna Marchi;Bruna Marchi, advogada e tradutora, discorrerá sobre a sua experiência como fundadora de uma boutique de tradução jurídica e contará sobre sua experiência ao longo dos anos à frente da empresa.
;
Bruno Fontes;Gerente de Projetos e Engenheiro de Localização experiente com um histórico comprovado de trabalho na indústria de tradução e localização. Hábil em SDL Studio, memoQ e outros. Desenvolvedor nas horas vagas, criou o https://dicionarios.cc, um útil atalho de dicionário, que facilita encontrar a definição do seu termo em diversos dicionários.
;
Camila Rodrigues;Camila, 34 anos. Engenheira Civil (MACKENZIE 2012), Fotógrafa (CADOC Founder, 2017), Formanda de Artes e Teatro ( UNIITALO BRASILEIRA, atual). Em 2016 conheceu a fotografia na prática. Autodidata se encantou pela fotografia de famílias, deixando pra trás a carreira de engenheira civil. Fez cursos livres, mentorias até fundar, em 2017, a CADOC Fotografias e vários outros projetos, como o @sigaseamando e o @elyseesfotografia. Com a pandemia, a falta de eventos e a proposta de se reinventar, os grupos de amigos passaram a solicitar retratos até que desenvolveu-se então, a aula de auto-retrato com smartphone e a edição básica em apps.
;
Carlos César da Silva ;Carlos é tradutor, pesquisador, preparador e revisor, graduado em Letras (Português/Inglês) pela PUC Campinas e mestre e doutorando em Linguística Aplicada pela Unicamp. Trabalha no mercado editorial desde 2021, principalmente em ficção para adolescentes e jovens adultos, com editoras como Intrínseca, Universo dos Livros, Melhoramentos e Astral Cultural. No âmbito acadêmico, concentra sua pesquisa em tradução literária. Na Unicamp, faz parte do grupo de pesquisa “E por falar em tradução”, com o qual já traduziu artigos sobre a prática tradutória e textos técnicos sobre saúde e coorganiza eventos sobre os Estudos da Tradução na universidade.
;
Carlos Harmel;Carlos Eduardo Harmel é Advogado em Direito Civil e Empresarial, Especialista em Contratos, Tradutor Público e Intérprete Comercial e Psicólogo e Orientador Profissional.
;
Carlos Rutz;Carlos H. Rutz é professor e tradutor. Baseado em Florianópolis, traduziu as mais importantes graphic novels do universo DC, além de toda a coleção do clássico Príncipe Valente. Fora do mundo dos super-heróis, traduz de romances históricos a periódicos da área médica, pois já foi professor de anatomia e fisiologia humanas. Professor de inglês desde 2007, criou e lecionou o primeiro Curso de Inglês Instrumental da plataforma LabPub, em 2022. Além disso, em 2023 estreia seu Talking Time, projeto que reúne pessoas que já falam inglês mas querem fugir tanto da formalidade escolar quanto da hierarquia professor-aluno.
;
Carmen Reis;Formada em Tradução/Interpretação pelo Centro Universitário Ibero-Americano e pós-graduanda do curso de Comunicação Organizacional/Relações Públicas da Faculdade Cásper Líbero. Tradutora, intérprete, professora e consultora linguística.
;
Carol Alfaro;Sou bilíngue nativo de português sul-americano e espanhol com bacharelado e mestrado em tradução inglês-português pela PUC-Rio no Brasil. Atuo como tradutora profissional em tempo integral desde 1996. Além de tradução e revisão de textos em português, espanhol e inglês em diversas áreas, sou especialista em legendagem para cinema, DVD, TV a cabo e clientes corporativos. Sou proprietária da Scriba Traduções , empresa brasileira de traduções fundada em 2001. Desde 2005 ensino técnicas de tradução e legendagem em cursos presenciais e a distância. Moro em Toronto, Canadá, desde 2007, e sou membro da ATIO, ATA e Abrates.
;
Carolina Bisson;"Mestra em Estudos Linguísticos na área de Estudos da Tradução pela Universidade Estadual Paulista (UNESP), Pós-graduada em Gestão e Estratégia de Empresas pela Escola de Extensão da Unicamp (EXTECAMP) e Bacharela em Letras com Habilitação de Tradutor pela Universidade Estadual Paulista (UNESP). Tradutora, revisora e pós-editora profissional, atuou como Gerente de Tradução em uma agência de tradução técnica por 10 anos, sendo responsável por tarefas de tradução, revisão, pós-edição, controle de qualidade, desenvolvimento de glossários, implementação de CAT Tools, além de recrutamento e suporte a tradutores freelance. Atualmente, também é professora na Graduação em Tradução e na Pós em Gerenciamento de Projetos de Tradução da Faculdade Phorte.
"
;
Caroline Santiago;Caroline Santiago faz parte da Equipe CULT de Coordenação dos cursos de línguas e tradução da Faculdade Phorte. Graduada em Tradução e Interpretação pela Universidade São Judas Tadeu (USJT) e pós-graduada em Tradução de Inglês pela Estácio de Sá, Caroline é tradutora profissional com mais de 10 anos de experiência, especializada na tradução de textos do inglês para o português nas áreas de engenharia mecânica, telecomunicações, TI, indústria automobilística, aviação, turismo e outras.
;
Carol Coelho;Carol Coelho é tradutora (inglês / espanhol > português), revisora de textos e parecerista.
;
Carol Selvatici;Carolina Selvatici é bacharel em Comunicação Social - Jornalismo pela UFRJ e mestre em Letras - Estudos da Linguagem pela PUC-Rio. Completou o curso de formação de tradutores Português/Inglês em 2007. Desde então, traduz para diversas editoras e produtoras do país e do exterior. Participou da Fabrique des Traducteurs Português/Francês, realizada em Arles, França, pelo Colégio Internacional de Tradutores Literários (CITL). Participou da elaboração e executou o primeiro edital do Programa de Residência de Tradutores Estrangeiros no Brasil, da Fundação Biblioteca Nacional.
;
Carol Walliter;Carolina Walliter é intérprete de conferências e tradutora desde 2010, com experiência nas áreas de marketing, e-commerce e SEO, turismo, comunicação criativa e desenvolvimento pessoal. Também é bacharel e licenciada em História pela Universidade Federal Fluminense (2013). Nas horas nem tão vagas assim, reflete sobre os desafios das suas profissões em seu blog, o Pronoia Tradutória. Entusiasta do coworking na comunidade dos linguistas, gosta de labradores, futebol e carnaval mais que o recomendado pela OMS.
;
Carol Alberoni;Tradutora profissional desde 2010, tenho qualificação abrangente na área (graduação e mestrado em tradução). Principais áreas de atuação: TI (tecnologia da informação), marketing, negócios, meio ambiente e serviços de streaming.
;
Carol Pimentel;"Ana Carolina Alves de Souza Pimentel, mais conhecida como Carol Pimentel, é uma editora e roteirista de quadrinhos brasileira. Formada em Física e mais quatro outras graduações, Carol foi diretora da Escola Municipal de Astrofísica de São Paulo, cargo que largou para se tornar editora assistente na Panini Comics. Em 2015, Carol tornou-se editora sênior das revistas Homem-Aranha, X-Men e e da linha Ultimate, passando a ser a primeira mulher a assumir o cargo de editora de quadrinhos de super-heróis no Brasil. Em 2017, escreveu o roteiro do romance gráfico P.O.V. - Point Of View, ilustrado por Germana Viana, com o qual ganhou no ano seguinte o Troféu HQ Mix na categoria novo talento (roteirista)"". Como roteirista, também participou da série Gibi de Menininha, cujo primeiro volume, Gibi de Menininha: historietas de terror e putaria, foi lançado em 2018. No mesmo ano, publicou o livro Tradução de Histórias em Quadrinhos – Teoria e Prática."
;
Catherine Christaki;"Catherine Christaki é tradutora certificada de inglês para grego desde 2001 e parceira da Lingua Greca Translations desde 2012. Especializada em localização de software, aplicativos e web (líder da língua grega para software e aplicativos da Apple desde 2011), Catherine traduziu o guia ""Translation: Getting it Right"", da ATA, para o grego. Nascida e criada na Grécia, estudou Línguas Modernas no Reino Unido e mora em Guelph, Canadá, e gosta de discutir on-line sobre #L10n (como @LinguaGreca). Voluntária ativa na ATA, como mentora e blogmaster do The Savvy Newcomer, e na Women in Localization (Gerente GEO das Américas; ex-gerente do capítulo do Leste do Canadá). Catherine Christaki has been a certified English-Greek translator since 2001 and a partner at Lingua Greca Translations since 2012. She specializes in software, app and web localization (Greek Language Lead for Apple software & apps since 2011) and translated ATA’s guide Translation: Getting It Right into Greek. Born and raised in Greece, she studied Modern Languages in the UK, and lives in Guelph, Canada. She enjoys talking about #L10n online (as @LinguaGreca). Active volunteer for the ATA (as a mentor, and blogmaster of The Savvy Newcomer) and Women in Localization (Americas GEO Manager; former Chapter Manager of Eastern Canada chapter)."
;
Cátia Santana;Cátia Santana, graduada em Secretariado Executivo Bilíngue pela Universidade Braz Cubas e pós-graduada em Tradução: Inglês/Português pelo Centro Universitário Ibero-Americano. Tradutora e revisora desde 2009, trabalha com os idiomas português, inglês e espanhol. É especializada na tradução de textos da área farmacêutica.
;
César Alarcón;César Alarcón é tradutor, intérprete e jornalista. Mestrando em Comunicação e Audiovisual, com graduação e pós-graduação em Jornalismo, Letras e Cinema, atua no segmento audiovisual desde 1992 e no mercado de legendagem desde 2001. Traduziu centenas de filmes para as maiores produtoras de vídeo e cinema do Brasil. É integrante do corpo docente das pós-graduações em Tradução e Tradução Audiovisual da Estácio e associado da ABRATES. Também é produtor, coordenador e responsável pela tradução e projeção de legendas nas principais mostras e festivais internacionais de cinema no Brasil e no exterior.
;
Christiano Sanches;Christiano Sanches é tradutor e intérprete de conferências atuando com os idiomas inglês e francês. Graduou-se em Jornalismo na PUC-Rio em 1997, completando ainda a Formação de Intérpretes de Conferência (2005) e a Formação de Tradutores Inglês-Português (2009) na mesma instituição. É mestre em Estudos da Linguagem pela mesma PUC-Rio (2013), na qual atua há quase 10 anos como professor na Formação de Intérpretes de Conferência.
;
Ciça Lopes;Tradutora (ing-port port-ing) e revisora de textos. Associada da ABRATES. Voluntária no Programa de Mentoria da ABRATES.
;
Cláudia Cruz;Desde 1991, trabalho com inglês e português, seja dando aula, seja traduzindo diversos tipos de textos de e para ambos idiomas. Em 2011, abri a Companhia da Palavra, empresa de Tradução e Comunicação, através da qual faço, além de traduções, revisões, ministro aulas para o aprimoramento do uso dos idiomas inglês e português, e desenvolvo roteiros. Desde 2000, venho traduzindo textos dramáticos, como Mais Perto, de Patrick Marber, e Criados em Cativeiro, de Nicky Silver, por exemplo. Na área teatral, também traduzo material de pesquisa, como para a montagem de Medeia de Bia Lessa, com Renata Sorrah, e A Prova, na montagem de Aderbal Freire Filho, com Andréa Beltrão. Ainda na área de dramaturgia, traduzi roteiros e projetos de séries para a O2 Filmes, e o roteiro My Dinner with Andre, de Wallace Shawn e André Gregory, e verti para o inglês o curta metragem Furos no Sofá, de Ana Beatriz Nogueira, e trechos do filme Paraísos Artificiais, de Marcos Prado, a serem filmados fora do Brasil.
;
Cláudia Mello Belhassof;Tradutora editorial de inglês para português desde 2003, com mais de cem livros de ficção e não ficção publicados pelas editoras Darkside, Wish, Intrínseca, Sextante, Arqueiro, Rocco Jovens Leitores, Fábrica 231, Verus e Suma. Traduz diversos gêneros, como fantasia, romance e distopias para adultos e jovens adultos. Recebeu uma bolsa na Casa de Tradutores Looren, na Suíça, onde residiu por um mês em 2016. Participa de diversos congressos profissionais como ouvinte e palestrante.
;
Claudinei Nunes;Claudinei Nunes da Silva é intérprete de conferências radicado em Genebra, na Suíça. É Bacharel em tradução pela Universidade do Sagrado Coração, em Bauru. Possui uma especialização em interpretação de conferências pela Escola Sampere de Tradutores e Intérpretes em Madri, na Espanha, uma pós-graduação em interpretação de conferências pela Universidade de Lisboa, em Portugal e um Mestrado em Estudos Avançados para a Formação de Intérpretes pela Universidade de Genebra, na Suíça. Há quase 15 anos, trabalha como intérprete para diversas organizações internacionais, missões diplomáticas e federações esportivas internacionais, e como colaborador externo no Master de Interpretação de Conferências da Universidade de La Laguna na Espanha.
;
Cleo Monteiro Lobato;Cleo Monteiro Lobato é bisneta de Monteiro Lobato, historiadora formada pela USP, escritora e tradutora. Cleo é filha de Joyce Campos (neta que teve contato com o escritor até os 18 anos) e idealizadora de um projeto que prevê adaptações da obra de Monteiro Lobado aos tempos atuais. Cleo também é responsável pela tradução do livro “Reinações de Narizinho”, para o inglês.
;
Cris Silva;Tradutora e intérprete de conferências (português, inglês, espanhol), terminólogia, consultora (Brasil)
;
Cris Tribst;Cristiane Tribst é tradutora juramentada com mais de 20 anos de experiência e foco principal nas áreas jurídica, de engenharia, negócios, petróleo e gás, mineração, finanças e tecnologia, incluindo computação, rede, hardware, software e demais áreas relacionadas.
;
Dafne Baddini;Tradutora e revisora especializada em audiovisual no par inglês-português. Bacharel em Letras-Tradução pela PUC-Rio, com especialização em Interpretação Simultânea pela PUC-SP. Atua no mercado de TAV desde 2006, tendo legendado para grandes canais, mostras e festivais de cinema. Atende também produtoras de conteúdo audiovisual corporativo, institucional e publicitário. Desde 2011, leciona cursos de formação de legendadores no Rio e em São Paulo. Recentemente, tem pesquisado os aspectos multimodais da legendagem integrada. Já foi professora e coordenadora pedagógica da ONG Cidadão Pró-Mundo, atuando como voluntária. Adora lecionar e antes da pandemia descobriu outra paixão, agora em hiato: o teatro.
;
Daniele Fonseca;Tradutora e intérprete desde 1996, acumula mais de 2000 dias de experiência em cabine com experiência nas áreas de saúde, engenharia, finanças, negócios, processos fabris, dentre outras áreas técnicas. Atualmente é membro das seguintes associações profissionais: AIIC e APIC. Idiomas de trabalho: Português e inglês ativos e espanhol passivo. Grande experiência no gerenciamento de equipes de tradutores e intérpretes para atendimento de grandes projetos editoriais e conferências. Foco especial em eventos médicos e da indústria farmacêutica e simpósios em áreas técnicas. Assessoria linguístico-cultural para organizadores de eventos. Além disso, criou e lidera o programa online de aprimoramento de intérpretes Booth Camp e atua como palestrante convidada em eventos da área de interpretação.
;
Daniel Erlich;"Me interesso por tradução desde os 8 anos, quando minha família foi morar no Canadá. Estudei Humanities na UWO (Canadá), Tradução no Mackenzie, Linguística na Unicamp e Interpretação na PUC-SP, além de muitos outros cursos ao longo dos anos. Trabalho com tradução desde 2007, com especializações em entretenimento (tradução audiovisual e localização de jogos) e como intérprete (inglês e português A, francês e espanhol C). Além disso, sou certificado pela ATA, credenciado pela Abrates, e um ProZ Certified PRO; e fui secretário do Sintra (2017-2019) e da Abrates (2020-2022)."
;
Daniel Estill (In Memorian);"Daniel Estill (In Memorian) é Doutor em Estudos da Linguagem-Tradução pela PUC-Rio e mestre em Teoria Literária e Literatura Comparada pela USP e bacharel em jornalismo. Sua tese, De artesanato a indústria, a tradução globalizada fala sobre o papel da atividade e suas transformações diante da Globalização. Sócio da Arquitexto Traduções, atua no mercado de tradução desde 1992 como empresário, tradutor, revisor e gerente de projetos. A partir de 2006 passou a se dedicar à tradução literária, tendo, entre as traduções publicadas: Mortalha para uma enfermeira, P. D. James; Deu no New York Times, Larry Rohter; Peregrinos, Elizabeth Gilbert; e O espantalho e seu criado, Philip Pullman, que recebeu a Menção Altamente Recomendável na categoria Tradução/Adaptação Jovem da Fundação Nacional do Livro Infantil e Juvenil, FNLIJ."
;
Daniel Guidi;Sou Daniel Guidi, ou The Bald Translator, tradutor de inglês para português brasileiro especializado em localização de jogos, com experiência em traduções técnicas que vão de artigos científicos e materiais educativos nas áreas de finanças e TI até políticas de privacidade. Originalmente biólogo, encontrei minha verdadeira paixão na tradução de jogos, onde posso unir pesquisa, criatividade e precisão em cada projeto. Participei de títulos como Hunt the Night e The Legend of Tianding, além de duas LOCJAMs. Valorizo conexões pessoais e profissionais que enriquecem meu trabalho, acreditando que todo projeto é uma jornada compartilhada inspirada por diversas histórias.
;
Daniel Maciel;Daniel Maciel é tradutor e intérprete freelance há aproximadamente 14 anos. É tradutor público e intérprete comercial (‘tradutor juramentado’) no Brasil, tradutor técnico e intérprete de conferências em um monte de outros lugares, e um viciado em gadgets e eletrônicos em franca recaída em todos os lugares (o que não ajuda muito a guardar o dinheiro que ele ganha com as outras duas coisas, mas não vem ao caso você não sabe a minha jornada me deixa). Suas áreas de especialização são jurídico, finanças e TI, mas a vida o levou por uma série de outras veredas também. Ele também acha super estranho escrever sobre si mesmo na terceira pessoa, como pediram que ele fizesse para esta mini-bio em particular, e gostaria de deixar claro para todos e todas as colegas é um ser humano quase que inteiramente racional e sem quaisquer ilusões de grandiosidade que usa a primeira pessoa para falar de si mesmo quando não está escrevendo mini-bios.
;
Danny Reis;Danny Reis é formada em Comunicação Social, já foi redatora para sites e outros sistemas de TI, mas se encontrou na revisão de textos, área em que atua há cerca de 20 anos, revisando materiais EaD, textos acadêmicos, revistas e livros. Há nove anos, começou a se interessar pela tradução e fez o curso de formação profissional para tradutores em espanhol da antiga Abierto, e em 2017 concluiu a Pós-Graduação em Tradução de Espanhol da Estácio. Hoje, além de revisora, é tradutora das áreas audiovisual (dublagem) e editorial.
;
David Rumsey;David Rumsey is the past-president of the American Translators Association 2015-2017. A veteran of the language industry since 1990, David has worked on all side of the industry, including as a localization manager at Retek and Oracle, Inc, in charge of localizing retail software into a hose of different languages. He also worked as a project manager at LinguaNet, Inc. and Polyglot LLC. He is currently a freelance translator focusing on technical, medical and commercial projects from the Scandinavian languages into English. He is a certified ATA translator for Swedish & Danish > English and serves as a grader for the ATA Swedish > English certification exam. He continues to be involved in ATA and publishes articles related to translation, communication and leadership. He can be found at www.rumseytranslations.com and on Twitter and LinkedIn @davidcrumsey
;
Dea Moretto;Tradutora desde 2004, também atua como legendadora e intérprete. Além do inglês-português, também trabalha com italiano e espanhol. Tem formação em Economia pela UNESP, com ênfase em Políticas Públicas e é intérprete voluntária para causas globais em organização como Forum Social Mundial e Common Languages. Atua, também, como mentora na ABRATES. Vive em Araraquara-SP com sua filha bailarina de 16 anos e duas gatas vira-latas.
;
Debora Fleck;Debora Fleck tem graduação em Administração (PUC-Rio) e mestrado em Literatura Brasileira (UERJ). Trabalhou seis anos na Editora 7Letras e completou a Formação de Tradutores da PUC-Rio em 2012. Traduz do inglês e do francês e trabalha também como revisora. Entre seus principais trabalhos estão a tradução do clássico 1984, do livro de não ficção O mundo que não pensa (Leya Brasil) e da série de HQ *O árabe do *futuro (Intrínseca). Desde 2018, conduz em parceria com a Mariana oficinas e cursos voltados ao universo da tradução literária.
;
Deborah Cornélio;"- Cofundadora, diretora e professora da Estrada – Escola de Tradução Audiovisual
- Mentora em Técnicas de Ensino e Tradução para Legendagem da APTRAD – Associação de
Profissionais de Tradução e de Interpretação, com sede no Porto, em Portugal. Afiliada à
ABRATES – Associação Brasileira de Tradutores e Intérpretes.
- Professora do Canal Futura no projeto #nem1pratrás
- Tradutora e revisora para legendagem e dublagem com milhares de horas traduzidas de
material audiovisual
- Palestrante em congressos nacionais e internacionais"
;
Denise Araújo;Intérprete de conferência há 15 anos, trabalhando com os idiomas português (A), inglês (B) e espanhol (C) em conferências, eventos corporativos, seminários, reuniões e palestras em diferentes áreas do conhecimento. Pós-graduada em interpretação de conferências (2008) e mestre em Estudos da Linguagem (2017) pela PUC-Rio. Desde 2012 é professora do curso de formação de intérpretes na mesma instituição. Membro da AIIC, da APIC e do Sintra. Representante do Brasil no AIIC Training, Comitê de Formação e Atualização Profissional da AIIC.
;
Denise Bobadilha;Denise Bobadilha é intérprete de inglês/português, tradutora e jornalista. É atual segunda vice-presidente da APIC (Associação Profissional dos Intérpretes de Conferência). Trabalha para a CNN Brasil e organizações internacionais e empresas de diferentes setores, como comunicação, agronegócio e saúde. É sócia da House of Words e está no IG e X como @denisebob
;
Denise Delegá;"Doutora e Mestre em Linguística Aplicada e Estudos da Linguagem pela PUC São Paulo. Atua na área de ensino há 32 anos, destes 15 anos na coordenação de cursos e desenvolvimento de pessoas. Desenvolve trabalhos na área de Ensino de Língua Estrangeira, Tradução e Terminologia em cursos presenciais e on-line. Pesquisa e áreas de interesse envolvem linguagem dos alunos de inglês, linguagem e motivação no ensino, produção de material didático, tecnologia aplicada aos estudos linguísticos, Tradução e Terminologia. Fluente em espanhol, inglês e italiano. Coautora dos livros: What’s on: aprenda inglês com filmes e séries; Tecnologias e mídias no ensino de inglês: o corpus nas receitas. Professora no Tradusa e diretora em um instituto de idiomas."
;
Diego Marsicano;Tradutor audiovisual desde 2008, formado em Letras com mestrado em Estudos Linguísticos e Semióticos pela USP, especialização em tradução, pela PUC-SP, e em LIBRAS pela FENEIS. Começou sua experiência no audiovisual fazendo legendas para surdos e ensurdecidos, tanto as abertas (Legendas Descritivas – SDH/LSE) como as fechadas (Closed Caption) e hoje, além das traduções para legendas e para dublagem, presta serviço com analista de acessibilidade audiovisual, especificamente, treinando equipes, revisando materiais e preparando legendas para surdos e ensurdecidos.
;
Dilma Machado;- Fundadora, diretora e professora da Estrada – Escola de Tradução Audiovisual. - Mentora em Tradução para Dublagem da APTRAD – Associação de Profissionais de Tradução e de Interpretação, com sede no Porto, em Portugal. - Tradutora / dubladora / cantora / escritora / professora de inglês e de Tradução para Dublagem. - Autora do livro “O Processo de Tradução para Dublagem Brasileira – Teoria e Prática”. - Palestrante em congressos nacionais e internacionais. - Professora da Universidade Estácio de Sá e da FMU
;
Dinaura Julles ;"Dinaura M. Julles é tradutora com mais de 30 anos de experiência, formada em
Jornalismo (Cásper Líbero), Tradução (PUC) e pós-graduação em Tradução (USP).
Especializada em traduções financeiras, jurídicas e jornalísticas. Traduziu cinco livros
da série TED Books, sendo dois na área de negócios e finanças publicados pela
Editora Alaúde e, mais recentemente, dois livros publicados Editora Astral Cultural,
um deles de literatura contemporânea. Ministra a Oficina de Tradução de Textos da
Área Jurídico-Financeira na PUC-SP, Tradução Jurídica e Jornalística na Lab Pub e
cursos específicos de tradução e inglês pela sua empresa, a Align Traduções e
Treinamentos."
;
Edmo Suassuna;Edmo Suassuna é tradutor literário desde 2004, com traduções publicadas de autores como Neil Gaiman, Suzanne Collins, Robert A. Heinlein, e tem mais de dez anos de experiência na localização de jogos. Foi editor do selo Suma de Letras de ficção pop, a casa brasileira de Stephen King, onde coordenou e editou dezenas de traduções. Um dos integrantes originais da equipe de localização de World of Warcraft, da qual ainda faz parte, Edmo também foi líder da equipe de tradução de Diablo III, e participa de projetos de jogos da Microsoft, Sony, Blizzard, Riot, Epic, Amazon, Capcom, Bungie, entre outras.
;
Ellen Maria;"Ellen Maria Vasconcellos nasceu em Santos e atualmente vive em Lisboa. Tem bacharelado e licenciatura em Letras, é mestre e estudante de doutorado em literatura contemporânea na Universidade de São Paulo. Como tradutora freelance, traduziu obras de Cesar Vallejo, Ben Lerner, Fernanda Trías e Sara Gallardo. Coordenou e edita coleções didáticas, paradidáticas, e obras de literatura. Dá cursos nas áreas de tradução, literatura e formação de professores. Também é professora de espanhol e português.
Portfólio: <https://ellenmartins.wixsite.com/home>  
Instagram: @corpofora
"
;
Eneide Moreira;Executiva sênior da indústria de idiomas, CEO e fundadora da TranslateWay, fornecedora de soluções de idiomas para grandes projetos de localização e tradução em todo o mundo. Expertise em tradução, localização, legendagem, interpretação, CAT Tools e ensino de idiomas, com mais de vinte anos de experiência no Brasil e em Portugal.
;
Equipe SBD;Uma conversa sobre tradução para dublagem com a equipe da SBD. Nós da Sociedade Brasileira de Dublagem temos um compromisso de ensinar a todos aqueles que querem entrar no mercado da dublagem.
;
Érico Assis;"Érico Assis é tradutor e jornalista. Colabora desde 2008 com várias editoras brasileiras em traduções do inglês e do francês, é colunista do Omelete e do Blog da Companhia, escreve resenhas para Folha de S. Paulo, 451 e Globo, participa do podcast Notas dos Tradutores e é autor do livro ""Balões de Pensamento"" (Balão Editorial)."
;
Érika Lessa;Érika Lessa atua profissionalmente como tradutora desde 2006 e como intérprete de conferências desde 2008. É mestre em interpretação de conferências pela York University, no Canadá. Atualmente trabalha em tempo integral como intérprete do Colégio Interamericano de Defesa, em Washington, D.C., onde vive desde 2017. Como tradutora, atuou em diversas áreas como marketing, informática, editorial, legendagem, localização em geral, mas a localização de jogos era o seu xodó. Na carreira de intérprete, teve a oportunidade de atuar em grandes eventos como a Rio+20, Cúpula do Clima das Américas e os Jogos Mundiais Militares, porém nutre um carinho especial por algumas ocasiões: quando pôde ser a voz de Bill Clinton em sua cidade, Belém-PA, quando interpretou Michelle Bachelet, Al Gore, Tony Robbins, entre outras personalidades. Ama o que faz e acredita que o conhecimento deve ser compartilhado. Tenta ser relevante para o setor participando de associações profissionais como a Abrates, tendo sido vice-administradora da Divisão de Português da Associação Americana de Tradutores (ATA) e em comunicações realizadas em congressos. Tem orgulho de ter sido convidada para palestrar no Congresso da Abrates de 2019. Amante inveterada de palavras e expressões esdrúxulas. Elurófila assumida.
;
Evelise Scapol;Intérprete de conferências desde 2011, com experiência em interpretação simultânea, consecutiva e de acompanhamento, de forma presencial e remota. Formada em Tradução e Interpretação e pós-graduada em Interpretação de Conferências. Tem atuação constante na área de engenharias, tecnologia da informação, automação industrial, auditorias e comissionamento em fábricas e hospitais. Além disso realiza a interpretação simultânea de premiações e entrevistas para a televisão. Foi instrutora no curso de formação de intérpretes da Alumni. É membro efetivo da APIC e compõe a diretoria da associação no mandato 2023-2025.
;
Fabiana Zardo;Fabiana Zardo iniciou sua carreira de tradução em 2007. Traduzindo um pouco de tudo, o destino a levou para a área de tecnologia. Com o tempo, acabou trabalhando em inúmeros projetos de revisão e controle de qualidade. Hoje, atua como lead, LQAer, revisora e terminologista para diversos clientes de TI, segurança cibernética e antivírus, nuvem, automação, tecnologia da educação e RH, entre outros.
;
Fábio Matias;Tradutor, Revisor. Atualmente Gerente de Vendas na Babel DGT.
;
Felipe Pazello;Tradutor/intérprete do par inglês-português. Formado em Interpretação pela Interpret2B. Licenciado em Letras-Inglês pela Faculdade Cultura Inglesa. Pós-graduado em Tradução Audiovisual e em Tradução de Inglês pela Universidade Estácio de Sá. Licenciado, bacharel e mestre em Ensino de Física pela Universidade de São Paulo. Pós-graduado em Pneumatologia pelo Centro Universitário Ítalo-Brasileiro. Graduando em Teologia pelo Centro Universitário Ítalo-Brasileiro. Pós-graduado em Espiritualidade e Estudos da Consciência pela PUCRS. Aluno do curso de extensão em Mariologia, Demonologia e Angelologia pela Faculdade João Paulo II. Professor de Interpretação do Quijote.
;
Felipe Santos ;Graduado em Letras Português-Inglês pela UNISO em 2009 e em Tradução e Interpretação de Conferências pela Universidade Estácio de Sá em 2014. Mais de 500 horas de interpretação nas mais variadas áreas, tais como Medicina, Engenharia, Religião e Finanças. Já trabalhou em feiras como intérprete em estandes, acompanhamento em fábricas e em contextos religiosos.
;
Fernanda Brahemcha;Sou formada em Letras na FFLCH-USP. Trabalhei como tradutora com foco em audiovisual e descobri a audiodescrição, meu atual foco profissional. Desde então venho me especializando em acessibilidade comunicacional e explorando as nuances da comunicação. Pesquiso de forma autônoma formas de tornar diferentes materiais acessíveis a pessoas com deficiência visual, principalmente da comunicação textual.
;
Fernanda Castro;Fernanda Castro é autora, tradutora e preparadora de texto com experiência em várias casas editoriais, além de fazer parte da equipe de editores da Revista Mafagafo. Publicou O fantasma de Cora pela editora Gutenberg, a noveleta Lágrimas de carne pela editora Dame Blanche e também algumas ficções curtas em português e inglês. Em 2023, terá um romance lançado pela editora Suma. Ela mora em Recife com o marido, rodeada de praias, pássaros, plantas e paranoias. Pode ser encontrada no Twitter: @fernandaversa.
;
Fernanda Oliveira;Fernanda Oliveira, psicóloga atuante nas áreas clínica e organizacional, especializando em Neuropsicologia pela Universidade Federal de São Paulo (EPM/UNIFESP).
;
Fernanda Rocha;Tradutor e/ou intérprete freelance. Tradução, pós-edição MT, edição/revisão, transcriação, localização de sites, localização de software, legendagem, transcrição, treinamento, locução (dublagem).
;
Fernanda Vitarelli;Fernanda Vitarelli é advogada, tradutora e intérprete. Descobriu sua paixão pela tradução jurídica ainda na faculdade de direito, traduzindo sentenças e contratos. Ministra workshops e aulas sobre tradução jurídica desde 2010. 
;
Filipe Alverca;Filipe Alverca traduz desde 2007. Começou a traduzir as formalidades do juridiquês e as tecnicidades do petróleo e gás, mas o mercado acabou abrindo um mundo de possibilidades nas áreas de games, marketing, publicidade, entretenimento e tecnologia. É bacharel em Direito (Mackenzie Rio), tecnólogo em Marketing (SENAC-DF) e pós-graduado em Escrita Criativa (PUC-MG). Nasceu no Rio, mas já morou em Brasília, Recife e hoje se alimenta de pão de queijo em BH. Sempre interessado em ampliar seu repertório, viaja como se não houvesse amanhã (porque, se você parar pra pensar, na verdade não há).
;
Francine Oliveira;Francine Oliveira, graduada em Letras, mestre e doutora em Estudos Literários. Trabalho desde 2013 com tradução, revisão, ghostwriting e sou também jornalista e pesquisadora independente. Atuo ainda no combate à desinformação e no letramento digital voltado a profissionais da educação.
;
Gabriel Leszczinski;Psicólogo clínico, com atuação em psicoterapia de orientação psicanalítica e avaliação psicológica. Também trabalha com tradução e revisão de textos, com foco em textos técnicos e artigos científicos.
;
Gabriela Colicigno;"Jornalista e mestre em comunicação pela Faculdade Cásper Líbero, além de pós-graduada em Book Publishing pela Casa Educação e cursando pós em Tradução do Inglês na Estácio, é autista, tem quatro gatos, mais de mil livros e vários empregos. Fundou a Agência Magh em 2018, onde é agente literária, além ser tradutora (EN>PT-BR; ES>PT-BR), preparadora de textos e leitora crítica. Nas horas vagas, joga The Sims e lê tudo o que vê pela frente."
;
Gii Agria;Gii Agria, estudante do curso de Formação de Tradutores da Interpret2b, é bacharel em Linguística pela Carleton University, no Canadá, onde também estudou ASL (American Sign Language). Lá, também participou do primeiro congresso sobre linguagem inclusiva de pessoas não binárias, chamado THEY 2019. É professor de inglês desde 2010, estudante de tradução audiovisual e busca o mestrado em Linguística com foco em Teoria Sintática.
;
Gilson Mattos;Especialização em Estudos Linguísticos do Texto pela Universidade Federal do Rio Grande do Sul (2009) e Graduação em Letras - Bacharelado pela mesma universidade (1997). Tradutor e revisor técnico desde 2001. Tradutor Público e Intérprete Comercial desde 2010. Professor do Curso de Especialização em Estudos em Tradução: Teorias, Práticas e Tecnologias na PUCRS (2017/2018).
;
Giovana Bomentre;Giovana Bomentre gosta de viajar para o passado com roupas e para o futuro com leituras. Foi editora de ficção na Morro Branco e agora faz trabalhos freelance de edição e tradução, além de ser educadora sexual. Também faz curadoria de poesia na newsletter Ponto sem Nó, escreve resenhas no Sem Serifa e fala de sexualidade no Agora Pare.
;
Giovana Boselli ;Tradutora e revisora há 26 anos, credenciada pela ATA de inglês para português e ex-corretora de provas da ATA. Estudiosa da inteligência emocional, saúde mental e física, com certificação em Primeiros Socorros em Saúde Mental pela INIA Health, em Emotional Agility for Wellbeing at Work, com Susan David, e certificação internacional em Gerenciamento do Estresse pela ISMA BR e UTSA. Mentora em gestão de estresse e graduanda em Psicologia.
;
Giovana Lara;Giovana Lara é estenotipista na STN Caption. Formada em Direito pela Universidade São Judas Tadeu e estenotipista há 25 anos. Em seu trabalho na STN Caption começou trabalhando para câmaras arbitrais, fazendo registro em tempo real de arbitragens, com o tempo passou a fazer legendas Closed Caption para TV aberta. Atualmente segue gerando Closed Caption para emissoras de televisão, além gerar legendas, em português, para eventos presenciais e online com ou sem tradução simultânea para grandes clientes.
;
Gisley Ferreira;Gisley Ferreira é uma linguista experiente, especialista em transcriação e controle de qualidade em inglês, espanhol e português. Formou-se bacharel em Letras com habilitação em espanhol e inglês (UERJ) e fez pós-graduação em tradução de inglês e português (PUC-RJ). No mercado desde 1990, trabalhou em multinacionais como linguista e Quality Coordinator e, em 2001, fundou a Wordlink Traduções. É membro de várias associações, como ABRATES, ATA, Bliss, Juntos e Women in Localization. Atua como voluntária na ABRATES como coordenadora do Programa de Mentoria, na Bliss como conselheira fiscal e no Brazil Chapter da Women in Localization como Social Media Manager.
;
Guilherme Braga;Guilherme da Silva Braga atua como tradutor literário, pesquisador e professor de tradução. Com mais de setenta traduções literárias publicadas a partir do inglês, do norueguês, do sueco e do dinamarquês, em 2016 foi indicado ao Prêmio Jabuti de tradução. Em 2023 recebeu o Prêmio de Tradução da NORLA pelo destaque como tradutor literário de obras norueguesas no Brasil.
;
Guilherme Gama;Com uma trajetória profissional diversificada em linguística, atuando como professor, tradutor e especialista em legendagem, Guilherme está concluindo seu Bacharelado em Ciência da Computação pela Unicamp, com foco em Inteligência Artificial. Sua combinação única de conhecimento linguístico e técnico em IA o posiciona idealmente para liderar o desenvolvimento de nossa plataforma de legendagem, garantindo uma solução que equilibra técnica avançada e aplicabilidade.
;
Hariele Quara;"Hariele Quara é a mentora da Onda, comunidade de revisores que empreendem, e da Mestre da Revisão, empresa especializada em revisão de textos acadêmicos e conteúdo digital; graduada e mestre em Letras - Língua Portuguesa, jornalista, especialista em Marketing e em Revisão de Textos."
;
Horacio Corral;Com mais de 15 anos no mercado editorial, começou em 2007 como livreiro na Livraria Cultura. Livreiro por vocação e apaixonado por tecnologia é um entusiasta das mídias digitais. Já desempenhou diversos papéis em empresas da área de Economia Criativa. Foi sócio fundador do estúdio de games, Tlön Studios. O jogo Soul Gambler, lançado na loja Steam, vendeu mais 20 mil cópias em apenas um mês. Sua experiência com tradução é variada - tendo realizado traduções literárias e técnicas. Tornou-se uma das referências do mercado editorial brasileiro na venda e marketing de livros digitais com seu trabalho na Bookwire Brasil, a maior distribuidora de livros digitais e audiobooks do Brasil. Atualmente é Consultor na UmLivro (Meta Brasil), empresa pioneira no modelo de impressão sob demanda. Em 2018, criou a Tacet Books, um projeto editorial inovador com obras inéditas a partir de conteúdo em domínio público. A editora já possui mais de 970 livros digitais e 53 livros impressos.
;
Igor Lourenço;É professor adjunto da Universidade Federal de Uberlândia (UFU), onde é tutor da empresa júnior Babel Traduções há quase quatro anos e atual coordenador do Curso de Tradução. Já teve uma pequena empresa de tradução e atua como tradutor e revisor há mais de 15 anos, com enfoque em textos acadêmicos das áreas de saúde, linguística e administração. É membro permanente dos programas de pós-graduação em estudos linguísticos da UFU e da Universidade Federal de Minas Gerais (UFMG): PPGEL e POSLIN, respectivamente. Coordena o Grupo de Estudos em Expertise (GESTE), com enfoque em revisão e interação humano-computador. É membro da ABRATES.
;
Isabela Fontanella;Isabela Fontanella é pós-graduada em Finanças e Investimentos pela PUC-RS e Especialista em Ativos certificada pela ANBIMA. Atua como educadora e consultora financeira para pessoas físicas, e é sócia da Finanscia – uma plataforma de educação financeira gratuita e aberta ao público.
;
Isabel Borges;É aluna do curso de Tradução da Universidade Federal de Uberlândia (UFU) desde 2019 e diretora-presidente da empresa júnior Babel Traduções desde 2020. Em 2019, foi bolsista do Programa de Formação Acadêmica e Linguística para a Internacionalização (ProInt) da Diretoria de Relações Internacionais e Interinstitucionais (DRII) da UFU. Antes de ingressar no curso de Tradução, foi bolsista do Programa de Bolsa de Graduação intitulado “Ferramentas tecnológicas para o ensino e a pesquisa nas áreas de Tradução e Letras” entre 2017 e 2018, quando ainda era aluna do curso de Sistemas de Informação da UFU. Tem interesse principalmente em tradução publicitária, audiovisual e acadêmica e em localização de software.
;
Isabel Riera;Tradutora, revisora, coordenadora de projetos e agora na área de aquisição e gestão de talentos, Isabel acompanha de perto as inovações da Localização desde que começou na área, há mais de 10 anos. Sua carreira tem sido construída com participação e gestão de projetos variados de TI e Marketing, engajamento em grandes eventos de Localização e foco na valorização de pessoas e na importância de fazer conexões. Bacharel em Letras pela Universidade do Estado do Rio de Janeiro, compõe atualmente o time de São Paulo da RWS, empresa multinacional de software e serviços profissionais que adquiriu a SDL em 2020.
;
Isa Mara Lando;Isa Mara Lando já traduziu mais de 100 livros e é autora do “VocabuLando – Vocabulário Prático Inglês-Português”, em catálogo há mais de 20 anos, agora também em versão digital na Amazon. Nos últimos anos tem traduzido muitos materiais para RH e outros fins comerciais, sempre se valendo de uma primeira versão por programa. Na busca de aprimorar suas traduções, vem sistematizando suas técnicas a fim de compartilhar as melhores práticas em suas palestras e oficinas. 
;
Ivan L. Lopes;Ivan Luis Lopes é tradutor de inglês e japonês desde 2009. Formado em Letras pela Universidade de São Paulo, estudou língua e cultura japonesa no Japão, e passeou por algumas áreas da tradução, incluindo engenharia, farmácia, legendagem, dublagem e interpretação consecutiva, até encontrar o seu cantinho na localização de jogos e na tradução literária, onde atua no momento. Além disso, também é um dos criadores de uma comunidade de localizadores brasileiros, que gerou parceria e encontros virtuais com comunidades latino-americanas e internacionais.
;
Ivan M. Franco;O primeiro emprego do Ivan foi como atendente de uma videolocadora (uma espécie de Netflix analógica, para os jovens que nunca ouviram falar antes). Assistia, em média, a três filmes por dia e, no meio do papo com o cliente, sugeria uma obra que tivesse a ver com o seu perfil. Adoravam sua curadoria e sempre voltavam atrás de mais dicas. Aprendeu a editar sozinho e, quando pegou o jeito, foi contratado para fazer de um tudo – de vídeos institucionais a festas de 15 anos e casamentos. Foi assim que ganhou um dinheiro extra no período em que estudou Cinema no curso Imagem e Som da Universidade Federal de São Carlos, no interior de São Paulo. Embora tenha se especializado em roteiro e direção na faculdade, Ivan se dedica há mais tempo à edição e finalização mesmo. Tanto que conheceu sua atual companheira de trabalho e de vida, a Ligia, fazendo isso.
;
Ivar Panazzolo;Ivar Panazzolo Junior é formado em propaganda & marketing e tem especialização em design gráfico, branding e identidade visual. Atuou como professor de idiomas durante 10 anos, mas, após o segundo burnout, decidiu mudar de área. Passou a se dedicar à tradução de textos, atuando primeiramente na área de saúde e depois passando para as áreas de literatura, com mais de 62 traduções publicadas até o momento, e também a localização de jogos, a principal área de atuação da Rook. Também faz parte do Conselho Fiscal da diretoria da Abrates - Associação Brasileira de Tradutores e Intérpretes, na gestão 2022-2024, e da Divisão de Tradução Editorial da associação. Atualmente trabalha também nas áreas de criação de conteúdo em texto, revisão e também no treinamento de tradutores. Tem perfil independente e se interessa por séries, livros, ficção, fotografia e pela criação de jogos de combate medievais.
;
Jacqueline Plaça;A palestrante Jacqueline Plaça é formada em Audiovisual pela USP, especializada em Dramaturgia pela ENERC Buenos Aires, e pós-graduada em Educação pelo SENAC. Viaja constantemente para trabalhos voluntários em diversos projetos sociais ao longo das Américas. Trabalha com roteiro e tradução audiovisual há mais de 10 anos, transitando entre dublagem, legendagem e audiodescrição – sempre atenta à estrutura dramática das obras traduzidas. Está iniciando a carreira na interpretação de espanhol, com foco nos temas de cultura e meio ambiente.
;
Jane G. Coury;"Mestra em Linguística Aplicada e TESOL pela Universidade de Leicester no Reino Unido e pós-graduação em Educação Transformadora: pedagogia, fundamentos e práticas pela PUCRS. Trabalha com revisões de textos em inglês e versões (português - inglês), especificamente auxiliando acadêmicos em ciências exatas e humanas a publicar em revistas científicas internacionais. Desde 1987, atua como professora e treinadora de professores de inglês, e é Cambridge English Assessment Specialist. É autora dos livros ""Exercícios para falar melhor em inglês - Speaking Activities"" (Disal), ""Four short stories to use in the ELT classroom"" (Amazon) e co-autora de ""Help! Preciso de atividades para minhas aulas"" (Amazon)."
;
Jaqueline Nordin;Jaqueline Nordin é autora do livro:“ Introdução à Interpretação Forense no Brasil''. Formadora de intérpretes comunitários licenciada pela CCC (Cross cultural communication-USA). Integrante do Comitê de Treinamento & Educação da NAJIT Membro da EULITA (European Legal Interpreters and Translators Association). Cursou o programa MCI (Master Conference Interpreting) pela Glendon- York-Toronto. Cursou pós-graduação em T&I - Gama Filho. Colaboradora do projeto Mobilang, atuando como autora e co-autora de programas de formação/capacitação de intérpretes que atuam junto a defensoria pública geral da união pela Unb e UFPB, intérpretes comunitários em línguas indígenas pela UFRR. Responsável pelo desenvolvimento de todo material didático utilizado nos cursos pelos participantes e pelos tutores linguísticos das línguas de menor difusão, línguas indígenas e línguas de sinais.
;
Jayme Costa;Jayme Costa tem graduação em Geofísica pela Universidade de São Paulo(1989) e aperfeicoamento em Interpretation Skills Training pela Monterey Institute Of International Studies(1998). Atualmente é Coordenador do Depto de Trad e Int do Associação Alumni.
;
Jean Trindade;Jean Trindade Pereira é gamer desde os 5 anos de idade, tradutor de jogos EN>PTBR desde 2015 e criador do LocJump Podcast, um podcast focado em localização de jogos. Começou traduzindo voluntariamente, antes de dedicar-se ao ramo profissional em 2017. Adora games de PC, principalmente os de tiro em primeira pessoa, e mods (modificações). Possui moderada experiência com legendagem. O aprendizado constante é uma de suas paixões.
;
Jerusa Marreti;"Jerusa Marreti atua há 13 anos como Gerente de projetos de tradução em uma agência de traduções. Durante esse tempo, participou de dois congressos da American Translators Association (em Chicago, 2014; e em Washington, 2018). A palestrante é graduada em Comunicação Social - Publicidade e Propaganda pela Unisal e pós-graduada em Gestão Estratégica de Negócios pela Unicamp. Há 27 anos, começou a atuar como tradutora freelancer (português, inglês e espanhol), função que desempenha até os dias de hoje, especialmente em projetos da área religiosa (cristã) e comportamental, além de marketing, negócios e, recentemente, food service, desde que se formou em Sommelieria Cervejeira."
;
Jéssica Gubert;Jéssica Gubert traduz jogos, revisa jogos, ensina jogos, testa jogos e, no tempo livre, joga jogos. De mesa, de preferência. Formada em Letras com habilitação em Inglês pela USP, um dia achou que trabalharia com livros. Passou um breve período no Marketing de uma das maiores editoras (de livros) do país. Depois de constatar uma aptidão para textos técnicos e vencer uma das várias LocJAMs de que já participou, se encontrou mesmo na localização e LQA. No jornalismo digital, publicou mais de 4 mil traduções e teve que aprender 7 formas diferentes de traduzir “rank”.
;
Joacyr Oliveira ;"Joacyr Oliveira é docente no CEL - UNICAMP. Possui doutorado e mestrado em Letras, ambos pela USP, além de um mestrado em Linguística pela Universidade de Minnesota, nos EUA. Sua pesquisa concentra-se nas aplicações da Linguística de Corpus, com foco na compilação e no uso didático de corpora de aprendizes, tanto no ensino de línguas quanto na formação de tradutores.

"
;
Jorge Davidson;Jorge Davidson é doutor em História Social (UFF) e mestre em Estudos da Linguagem (PUC-Rio).Tradutor freelance inglês/português/espanhol especializado em marketing de produtos tecnológicos, conteúdo técnico, TI, meio-ambiente e Ciências Sociais. Membro da Abrates, capacitador e palestrante. Conta com mais de dez anos de experiência em tradução, gestão de projetos e localização, trabalhando para empresas grandes e pequenas, agências de tradução e clientes diretos de diversas áreas.
;
Jorge Rodrigues;Tradutor especializado nas áreas jurídica, empresarial, societária e criativa.
;
Júlia Jacóbi;Júlia Jacóbi é formada em Design de Moda e trabalha como tradutora e legendista especializada em moda e luxo. Atua também em áreas como entretenimento e educação, tanto na tradução quanto na legendagem. Atualmente, cursa pós-graduação em Tradução de Inglês. É apaixonada por moda tecnológica e pela prática do pole acrobático.
;
Juliana Fernandes;Especialista em Docência no Ensino Superior. Bacharela em Tradução e Interpretação pelo Letras-Libras da UFSC. Tradutora, Intérprete, Instrutora de Libras/Português certificada pelo PROLIBRAS e Guia-Intérprete. Membro fundador e já foi vice-presidente da APILSBESP, atualmente é integrante do Conselho Fiscal, também já foi vice tesoureira da FEBRAPILS. Atuante desde 1995, sendo mais recentemente: integrante da equipe técnica da ProDeaf, interlocutora e professora em sala de recurso multifuncional para alunos surdos pela SEESP. Atualmente TILS pela Central da UNICAMP, docente em cursos de graduação, pós-graduação, extensão e na modalidade livre, palestrante, ativamente atuante e experiente em diversas esferas de tradução e interpretação.
;
Juliana Gallo;Juliana Gallo é publicitária e tradutora audiovisual. Também traduz jogos de tabuleiro.
;
Juliana Chagas Lima;Tradutora e revisora profissional, com experiência em agências de publicidade e em departamentos de marketing e comunicação organizacional de grandes empresas e cooperativas, além de docência em cursos de graduação e pós-graduação. Atualmente, é coordenadora dos cursos de Publicidade e Propaganda e de Jornalismo na Unicesumar. Mestre e Doutoranda em Letras pela Universidade Estadual de Maringá (UEM), na área de Linguística Textual com foco na produção de sentidos no texto publicitário. Especialista em Marketing pela Fundação Getúlio Vargas e em Tradução pela Universidade Estácio de Sá. Graduada em Comunicação Social Jornalismo pela Universidade Federal do Paraná e em Letras Português/Inglês pela Unicesumar. Em pesquisa, atua principalmente no campo da Linguística Textual e Teorias do Texto, com foco na coerência e produção de sentidos no texto publicitário.
;
Juliana Machado;Juliana Machado, psicóloga atuante na área clínica, especialista em Psicologia Hospitalar pelo Hospital das Clínicas de São Paulo (HCFMUSP), em formação de Psicanálise Winnicottiana pelo IBPW.
;
Juliana Pazetti;Juliana Pazetti, administradora de empresas, especializada em finanças e pós-graduada em traduções inglês > português. Aos 14 anos passou a integrar a seleção brasileira de natação onde teve o privilégio de atuar por cerca de quatro anos, período em que teve o prazer de, além de competir, conhecer pessoas e países de todo o mundo, conhecimento esse de valor incalculável e que se reflete em seu trabalho até hoje. Traduz profissionalmente há 15 anos e há 10 fundou a Pazetti Traduções, empresa criada para conectar empresas e pessoas e hoje especializada em B2B e alicerçada nos aprendizados que teve ao longo de toda sua vida.
;
Juliana Samel;Interpretação de conferências, tradução e revisão de textos nas áreas de medicina, saúde em geral, estudos clínicos, eventos adversos, termos de consentimento, protocolos, manuais.
;
Karen Tkaczyk;Karen Tkaczyk é Diretora de Soluções em Life Sciences na MasterWord, Inc. Com mestrado pela University of Manchester e doutorado pela University of Cambridge, ambos no Reino Unido e em Química, o início da carreira de Karen foi na indústria farmacêutica, na Irlanda. Após se mudar para os EUA, criou e administrou a McMillan Translation Inc. Tradutora freelance (francês - inglês) desde 2005, Karen mora em Denver, Colorado. O voluntariado sempre fez parte de seus hábitos de trabalho. Conecte-se com ela em @ChemXlator. Karen Tkaczyk is Director of Life Sciences Solutions at MasterWord, Inc. After earning an MChem in Chemistry with French from the University of Manchester, UK and a PhD in Chemistry from the University of Cambridge, UK, Karen’s early career was as a development chemist in the pharmaceutical industry in Ireland. After moving to the USA, she established and ran McMillan Translation Inc., where she was a freelance translator (French into English) from 2005 to 2021. She is based in the Denver, Colorado area. Volunteering has always been part of her work habits. Connect with her at @ChemXlator.
;
Karine Ribeiro;Mineira, Karine Ribeiro é escritora e tradutora. Graduada em Letras - Tradução pela UFMG, já traduziu mais de 50 títulos, entre eles Em Busca de Mim, biografia de Viola Davis, A Sociedade de Atlas, de Olivie Blake e Sangue Dourado, de Namina Forna. Atua também na gerência editorial da Editora Wish.
;
Karine Souto;Karìne Souto é intérprete de conferência e especialista em comunicação, com atuação em eventos internacionais de grande porte, incluindo a COP 28 em Dubai. Já palestrou em congressos como ABRATES, TRADUSA, Translators 101, PROFT e na Semana do Tradutor da UNESP. Também ministra cursos de atualização e aperfeiçoamento para intérpretes, tendo treinado mais de 100 profissionais. Com mais de 15 mil conexões no LinkedIn, utiliza a plataforma para impulsionar sua carreira e atrair clientes, enquanto promove a democratização da profissão, reforçando a importância da excelência, ética e diversidade no setor.
;
Karoline Melo;Karoline Melo é formada em Letras – Tradução Português-Inglês pela UFMG e atua no mercado literário desde 2013 — antes como hobby, agora como profissão. Além de traduzir, também prepara, revisa, escreve e faz análise crítica e leitura sensível para diversas editoras do Brasil. É agente literária e, em 2024, fundou a Agência Moneta. Em seu tempo livre, gosta de se aventurar em histórias com romance, viagem no tempo, universos paralelos e finais abertos.
;
Katia Buffolo;"Meu nome é Katia Buffolo.
A paixão por livros e palavras sempre norteou a minha carreira. Sou jornalista,
formada pela Cásper Líbero, e tradutora de espanhol e inglês. Trabalhei como
redatora para agências de Relações Públicas e revistas. Fui editora na Paz e
Terra e criei o meu selo, a Acatu.
Nos últimos anos, a tradução conquistou cada vez mais espaço na minha vida.
Traduzi livros, fiz pós-graduação em tradução de espanhol, concluí os Cursos
Formativo e de Aprimoramento para Tradutores Literários do Centro de
Estudos Literários da Casa Guilherme de Almeida, e cursei graduação em
Letras Português/Inglês e pós-graduação em Marketing."
;
Katia Georges Chedraoui;Libanesa nativa, com mais de 20 anos de experiência profissional de tradução e interpretação Consecutiva / Simultânea, nos idiomas: Árabe<> Português<> Espanhol, formada em letras (Português / Espanhol) – Faculdade Educacional da Lapa, conto com o tempo de residência e Vivência cultural de 19 anos no Líbano, 14 anos na Venezuela e 20 anos no Brasil, até o momento. Professora de Árabe e Espanhol para executivos, adultos em geral. Iniciei minha carreira aos 14 anos, como intérprete consecutiva em reuniões empresariais para negociações comerciais nas línguas Árabe<>Português na cidade de Achrafie - Beirute - Líbano.
;
Kelly Elizeu;Tradutor experiente de Ciências da Vida (inglês para português do Brasil) com histórico na indústria de tradução e localização, com foco em Ensaios Clínicos, Documentos Farmacêuticos, Dispositivos Médicos, Biotecnologia, Pesquisa de Mercado e Marketing. Trabalhou como Associado de Pesquisa Clínica em vários estudos de Fase II, III e IV em oncologia e obstetrícia em uma empresa farmacêutica e um CRO.
;
Leandra Machado;Me chamo Leandra Machado e sou tradutora para dublagem de língua espanhola e turca. Me formei em Letras português/ espanhol pela Universidade Federal Fluminense- UFF, onde me apaixonei pela Linguística, sendo assim, após me formar ingressei em um pós-graduação de Linguística e logo que a finalizei fui aceita na Universidade do Estado do Rio de Janeiro- UERJ para cursar o mestrado em Estudos Linguísticos. Nessa mesma época, conheci a área de tradução para dublagem e foi um caminho sem volta. Realizei diversos cursos na área e, inclusive, outra pós-graduação em Tradução audiovisual. Atualmente, estou cursando o doutorado em Letras Neolatinas na Universidade Federal do Rio de Janeiro- UFRJ e sigo me especializando cada vez mais na área de tradução audiovisual.
;
Laila Compan;Tradutora profissional graduada em Pedagogia pela Universidade Federal do Rio de Janeiro, pós-graduada em Tradução de Espanhol pela Universidade Estácio de Sá, associada à Associação Brasileira de Tradutores e Intérpretes, trabalha principalmente com tradução para dublagem e legendagem (espanhol > português). Tem trabalhos realizados junto a grandes agências e estúdios de dublagem, de filmes de comédia, comédia romântica, romance, drama, novelas, seriados adulto e infantil. Também trabalha para diversos clientes diretos legendando vídeos para redes sociais, cursos online e material corporativo. Fez cursos de Tradução para Dublagem com Dilma Machado, ACME e Estrada. Também fez cursos de Legendagem na GTC Treinamento e na Estácio Cult.
;
Lara Talhaferro;Lara Cristina Santos Talhaferro é bacharela em Letras com Habilitação de Tradutor (Inglês) e mestra em Estudos Linguísticos (Estudos da Tradução) pela UNESP de São José do Rio Preto. Durante sua carreira acadêmica, realizou pesquisas sobre a relação entre tradutores em formação e tecnologias de tradução. Foi, de 2018 a 2020, professora substituta no Instituto de Letras e Linguística da Universidade Federal de Uberlândia, na área de língua inglesa, e ministrou disciplinas nos cursos de Tradução, Letras e Relações Internacionais. Atualmente, atua como crowdfunding creator em uma empresa estadunidense, criando e gerenciando campanhas de financiamento coletivo na plataforma Kickstarter.
;
Larissa Albaladejo;MBA em Gestão Estratégica e Econômica de Negócios pela FGV. Pós-graduada em Língua Inglesa e Bacharela em Letras - Tradutor/Intérprete pela UNIBERO. Certificada pelo The Localization Institute em Gerenciamento de Projetos de Localização. Cursou Business Law e Introduction to Business na Montgomery College/EUA. É VP de Operações e Sócia na Korn Traduções.
;
Laura Folgueira;Laura Folgueira é tradutora, preparadora e revisora de textos de algumas das maiores editoras do país, como Companhia das Letras, HarperCollins, Nova Fronteira, Intrínseca e Planeta. É mestre em estudos da tradução pela USP (Universidade de São Paulo) e é especialista em literatura brasileira pela PUC-SP (Pontifícia Universidade Católica de São Paulo). É autora de Eu e não outra: a vida intensa de Hilda Hilst (Tordesilhas, 2018).
;
Laurieny Vilela;Desde sempre sou apaixonada por comunicação e linguagem, tendo trilhado caminhos que me fizeram, hoje, ajudar pessoas a compartilharem sua mensagem em todo o mundo! Sou formada em Tradução pela Universidade Federal de Uberlândia e fiz graduação sanduíche em Tradución y Mediación Interlinguística pela Universitat de Valencia, na Espanha. Também sou mestre em Estudos da Tradução pela Universidade de Brasília.
;
Leandra Machado ;Me chamo Leandra Machado e sou tradutora para dublagem de língua espanhola e turca. Me formei em Letras português/ espanhol pela Universidade Federal Fluminense- UFF, onde me apaixonei pela Linguística, sendo assim, após me formar ingressei em um pós-graduação de Linguística e logo que a finalizei fui aceita na Universidade do Estado do Rio de Janeiro- UERJ para cursar o mestrado em Estudos Linguísticos. Nessa mesma época, conheci a área de tradução para dublagem e foi um caminho sem volta. Realizei diversos cursos na área e, inclusive, outra pós-graduação em Tradução audiovisual. Atualmente, estou cursando o doutorado em Letras Neolatinas na Universidade Federal do Rio de Janeiro- UFRJ e sigo me especializando cada vez mais na área de tradução audiovisual.
;
Leilane Papa;Antes de fundar a Dispositiva, acumulei mais de uma década de experiência na área de Tradução e Legendagem, participando de diversos projetos e treinando novos profissionais. Atuo na área de seleção, treinamento e certificação da equipe de tradução e de revisão, com foco no direcionamento dos serviços, na padronização do produto e na qualidade final do material.
;
Leonardo Padovani;"Leonardo Padovani acumula mais de 10.200 horas (1.900 dias) em mais de 1.100 eventos ao longo de 15 anos. Interpreta em diferentes áreas do conhecimento, como TI, saúde, economia e governo, meio-ambiente e medicina. Leonardo tem ampla experiência em ambientes multiculturais e já interpretou em inúmeras reuniões e conferências internacionais, como a Conferência Mundial da OIT, a Rio+20, o Fórum Mundial da Água, posses presidenciais, visitas de chefes de estado e governo e delegações internacionais.
Leonardo é Tradutor Juramentado (TPIC) junto à JUCIS-DF e filiado e certificado pela ABRATES (Associação Brasileira de Tradutores).
"
;
Leo Pinheiro;"Leo Pinheiro, é jornalista, ator, dublador, e diretor de dublagem carioca. Em 2007 ingressou na Herbert Richers, e, em seguida, começou a dublar em quase todas as casas de dublagem do Rio de Janeiro, e em alguns estúdios de São Paulo. Durante quase duas décadas, dublou centenas de personagens em filmes, séries, telenovelas e animações. É a voz brasileira de Mark Consuelos, entre outros. Na direção de dublagem, foi responsável pela versão brasileira de filmes como American Sicario; O Despertar de Um Assassino; Tacada de Mestre; Metaleiros de Jesus; O Golpe; A Grande Guerra; e de séries da Disney como Os Franceses."
;
Leonardo Tórtoro;"Leonardo Tórtoro Pereira é Professor Assistente Doutor na UNESP de Rio Claro, pelo Instituto de Geociências e Ciências Exatas (IGCE), no Departamento de Estatística, Matemática Aplicada e Computação. É Bacharel em Ciências de Computação e Mestre e Doutor em Ciências de Computação e Matemática Computacional pelo ICMC-USP, em São Carlos. Suas principais áreas de interesse são aplicações computacionais em jogos digitais, entre elas, o uso de inteligência artificial para criação de conteúdo e simulação de jogadores, interação humano-computador e engenharia de software aplicada a jogos, jogos sérios e gamificação.
"
;
Lenita Esteves;Lenita é professora titular de teoria e prática de tradução na Universidade de São Paulo. Trabalha como tradutora, especialmente junto a editoras. Atualmente seus temas de pesquisa são Tradução e Ética, Historiografia da Tradução e Literatura Brasileira traduzida para o inglês.
;
Letícia Sallorenzo;Doutoranda em Linguística pela Universidade de Brasília (2020). Mestra em Linguística pela UnB (2018). Jornalista graduada pela Universidade Federal do Rio de Janeiro (1996). Graduação em Letras Português e respectivas Literaturas pela UnB (2019). Tem experiência na área de Comunicação, com ênfase em Jornalismo e Editoração. Autora do livro Gramática da Manipulação, publicado pela Quintal Edições.
;
Lia Bittencourt;"Tradutora e revisora de texto, especialista em Língua Portuguesa. Escritora, poeta, brincante das palavras. Professora de português e de tradução. Principais áreas de atuação: comércio exterior, administração, logística, marketing, educação e literatura. Membro do ProZ.com Certified PRO Network. Autora de um dos livros da Coleção 8 Cantos do Mundo - ""Polo Sul, A Primeira Aventura Gelada"" -> https://8cantos.marcelosalves.esp.br"
;
Liam Gallagher;A LAG Traduções e Serviços de Consultoria Limitada foi fundada em 2006 por mim, Liam Gallagher, norte-irlandês radicado há 33 anos no Brasil, dos quais 24 no mercado financeiro. Já atuei também como professor de inglês para negócios, entre 2003 e 2006, e em resposta à demanda do mercado financeiro por serviços de tradução de qualidade nativa, além de consultoria em inglês para negócios, decidi criar a LAG Traduções e Serviços de Consultoria, oferecendo uma abordagem diferenciada fundamentada nos 24 anos de experiência no mercado financeiro brasileiro e internacional. Atualmente eu estou cursando o último semestre do Curso Sequencial de Intérprete da Língua Inglesa, na PUC, São Paulo. Já vinha atuando como intérprete em pequenas reuniões de negócios, teleconferências e videoconferências. Uma vez concluído o curso, pretendo trabalhar como intérprete de congresso, acrescentando este serviço à lista já existente. Hoje, eu trabalho com uma carteira diversificada de bancos, seguradoras, agências de comunicação e marketing, empresas de RH e de SW, entre outros setores. Além disso, presto serviços para outras agências de tradução.
;
Ligia Sobral Fragano;Sócia-fundadora da Little Brown Mouse, Ligia é a força motriz por trás da transformação do ofício freelance de seu pai em uma empresa de tradução audiovisual de destaque no Brasil. Com formação em Letras pela FFLCH/USP e um MBA em Gestão Estratégica de Negócios pela FIAP, há mais de uma década Ligia conduz a LBM com afeto e excelência, sempre focada em tecnologia e inovação. Em sua mais recente empreitada, lançou a Avellan, uma plataforma de legendagem automática com um modelo proprietário de IA, levando tecnologia de legendagem de ponta para a comunidade audiovisual profissional.
;
Luana Santos;Luana Santos é formada em Letras com ênfase em Tradução pela Pontifícia Universidade Católica de São Paulo e é mestranda em Business Administration pela London School of Commerce. Luana atua na área de gerenciamento de projetos de tradução e localização e possui experiência nos dois lados da moeda: multinacionais que vendem e multinacionais que compram serviços de localização. Apaixonada por localização, tecnologia, multiculturalismo e diversidade, Luana acredita que a localização facilita vidas, constrói pontes e conecta diferentes culturas.
;
Luciana Bonancio;Natural de Curitiba, Luciana Bonancio é tradutora inglês/português há mais de vinte anos. Especialista em tradução na área da saúde, é formada em Medicina Veterinária pela UFPR e pós-graduada em Tradução pela PUC/PR e em Docência do Ensino Profissionalizante pelo SENAC/PR. Professora de tradução de artigos científicos, exames laboratoriais e de imagem, textos médicos com variantes culturais, medicina veterinária, cardiologia, oncologia e dermatologia em cursos livres e na pós-graduação em tradução médica do Centro Universitário São Camilo. É associada e mentora da Associação de Profissionais de Tradução e de Interpretação (APTRAD) e associada da Associação Brasileira de Tradutores e Intérpretes (ABRATES), onde faz parte da diretoria e coordena o programa de educação continuada para tradutores.
;
Luciana Boldorini;Luciana “Lu” Galeani Boldorini, formada em publicidade e propaganda e letras. Leciona inglês desde 1998 e já desenvolveu material didático na área. Atua como tradutora e revisora de texto técnicos, publicitários, jogos de tabuleiro e textos em geral desde 2010. Coautora de textos para o blog da revista Revide Online. Integrante de um grupo de estudos e pesquisas na Faculdade de Filosofia, Ciências e Letras da Universidade de São Paulo em Ribeirão Preto. Preto. É também pós-graduada em Linguística Aplicada e Ensino da Língua Inglesa e atualmente é mestranda no programada de Educação na USP de Ribeirão Preto. É jogadora de boardgames, videogames e RPG desde... sempre! Estudou o RPG como ferramenta didática na faculdade, tamanho é o gosto pelo assunto. Amante de filmes clássicos, desenhos animados sem noção e HQs sombrias, fez de seu hobby sua profissão.
;
Luciane Camargo;Formada em Letras pela Universidade de São Paulo (USP), Tradução e Interpretação pela Associação Alumni e pós-graduada em Interpretação de Conferências pela Universidade Estácio, Luciane atua como tradutora desde 2007 e como intérprete de conferências desde 2011 e é membro candidato da APIC desde 2017, mesmo ano que foi professora no Curso de Tradução e Interpretação da Associação Alumni. Entre suas principais áreas de atuação estão cosméticos, marketing, papel e celulose e finanças nos idiomas português, inglês e italiano. Concilia a carreira profissional com a criação de sua filha Lavínia (3 anos) com muito orgulho e dedicação.
;
Luidg Quitete;Luidg Quitete, Contador, com pós-graduação na área de Contabilidade e Auditoria, mestrando em Auditoria e Gestão empresarial, professor universitário e com atuação como contador em empresas multinacionais. Atualmente perito judicial do TJ/RJ, e sócio proprietário da empresa Contável Contabilidade, com atuação em vários estados.
;
Luigi Ricciardi;"Luís Cláudio Ferreira Silva usa o nome artístico de
Luigi Ricciardi. Formado em Letras
Português/Frances pela UEM, tem também
mestrado em Letras pela mesma instituição. É
doutor em literatura pela UNESP. É escritor,
professor, editor e tradutor. Atualmente é professor
na UEL."
;
Luiz Fernando Alves;Luiz Fernando Alves (EN<>PTBR) é fã de narrativa e de uma história bem contada. Essa predileção o leva a sempre preferir trabalhar com material criativo. A maior parte de sua experiência profissional está em legendagem, localização e transcriação, áreas pelas quais é apaixonado. Formado em Design Gráfico pela UFPR, depois de alguns anos seguiu o coração e largou tudo para ser tradutor em tempo integral. Ministrou aulas de legendagem na pós-graduação da PUCPR e no SET, seu curso livre on-line criado em parceria com a Verve LSP. Hoje traduz principalmente legendas e treinamentos corporativos enquanto planeja as próximas aventuras.
;
Luiza Leite Ferreira;Luiza Leite Ferreira é formada em Jornalismo pela UFF e tem especialização em Técnicas, Práticas e Estudos de tradução pela PUC-Rio. Trabalha na Satsuma desde 2018, atuando em projetos de localização e criação de conteúdo para grandes empresas de tecnologia e turismo. Desde 2020, atua como revisora e coordena as redes sociais da Satsuma.
;
Luiza Levy;"Luiza Levy é formada pelo Curso de Formação de Tradutores e Intérpretes da Associação Alumni e atua na área desde 2013. Além de experiência no mercado de tradução e interpretação, Luiza atua no mercado de educação há mais de 20 anos, tendo passado por cargos de docência, gestão e diretoria em escolas no Brasil e Canadá. Atualmente dá aulas de interpretação simultânea na Associação Alumni.
"
;
Manuela Sampaio;Com formação em Direito, Manuela uniu seu conhecimento jurídico ao domínio do inglês — idioma no qual foi alfabetizada — e iniciou carreira como tradutora jurídica em 2008. Encantada pela dinâmica da comunicação ao vivo, tornou-se intérprete profissional em 2012, atuando desde então em congressos internacionais, seminários corporativos e auditorias, com experiência em cenários de alta complexidade. Ao longo dos anos, desenvolveu expertise em gestão de projetos na área, aliando a prática com conhecimento técnico. Acredita que o compartilhamento de conhecimento é essencial para fortalecer a profissão!
;
Marcella Wiffler Stefanini;É doutoranda do Programa de Pós-Graduação em Linguística Aplicada da Unicamp, e estudante de pós-graduação em Audiodescrição pela PUC-Minas. É também mestra em Linguística Aplicada (2020) e licenciada em Letras - Língua Portuguesa (2017) pela Unicamp. Desde sua pesquisa de iniciação científica, estuda a audiodescrição na perspectiva dos Estudos da Tradução e hoje, em sua pesquisa de doutorado, volta-se ao estudo das possibilidades de audiodescrição do terror.
;
Marcelle Castro;Marcelle Castro tem graduação em Tradução Inglês/Português pela Universidade de Brasília (2002) e mestrado em Letras pela Pontifícia Universidade Católica do Rio de Janeiro (2007). É intérprete de conferências desde 2001 e instrutora em cursos de formação de intérpretes desde 2003.
;
Marcelo Neves;Marcelo Neves é tradutor e intérprete desde o final dos anos 90. Começou na indústria automobilística e passou por uma diversidade de segmentos em tradução técnica, audiovisual, literária, além de interpretação simultânea e consecutiva. Participou de dezenas de congressos de tradução no Brasil e exterior, sendo palestrante em vários deles. Mestre em Estudos de Linguagem pela PUC-Rio, é jornalista de formação (também pela PUC-Rio) e tem registro de ator pelo SATED-RJ.
;
Marco Antonio Hruschka Teles;"Marco Antonio Hruschka Teles é graduado em Letras Português-Francês pela Universidade Estadual de Maringá, em 2010. É mestre (2017) e doutor (2024) em Letras (Estudos Literários) pela  mesma instituição, com dissertação sobre A paixão segundo G.H., de Clarice Lispector, à luz da filosofia existencialista, e tese sobre o romance De cada quinhentos uma alma, de Ana Paula Maia, analisado à luz do fantástico. Atualmente, trabalha
como professor de Língua Francesa na universidade que o formou, além de oferecer cursos online no mesmo segmento (@frances_com_marco). É um dos tradutores de As revelações de Arsène Lupin (Madrepérola-2022) e coautor de Abordagens para o ensino de francês língua estrangeira (Eduem-2021)."
;
Marcos Bagno;Marcos Bagno é Doutor em Filologia e Língua Portuguesa pela Universidade de São Paulo (USP), Professor Associado do Instituto de Letras da Universidade de Brasília (UnB). Investiga as dinâmicas sociolinguísticas do português brasileiro, especialmente as relações entre a norma prescritiva convencional, as variedades urbanas de prestígio e as variedades estigmatizadas. Publicou mais de trinta títulos, entre obras literárias e de interesse acadêmico como a Gramática pedagógica do português brasileiro (2012). Ficcionista e poeta, tem recebido diversos prêmios literários. Já traduziu mais de uma centena e meia de livros do inglês, do francês, do espanhol, do italiano e do galego.
;
Marco de Pinto;"Traduções publicadas: O Livro de Dede Korkut (Globo, 2010); As Preces são Imutáveis, Tuna Kiremitçi (Sá, 2010); O Palhaço e sua Filha, Halide Edip Adıvar (Planeta, 2011); Paisagens Humanas do meu País, Nâzım Hikmet (Editora 34, 2015); Madona de casaco de pele, Sabahattin Ali (2021, Tabla Editora); Uma mulher estranha, Leylâ Erbil (2022, Tabla Editora)."
;
Marcos Zattar;Marcos Zattar nascido em Curitiba, começou a se interessar pela língua alemã ainda na faculdade Engenharia Florestal. Em 1996, mudou-se para Alemanha e dois anos depois iniciou seus estudos de tradução na Universidade de Heidelberg e que também atuou como docente da disciplina de tradução técnica do par alemão-português. Em 1999, foi convidado pela Agência de Tradução HCP a integrar a equipe de localização para o português do Brasil das soluções de software empresarial da SAPAG. Tradutor Juramentado, terminologista e revisor, especializou-se em textos de marketing, software e documentação técnica.
;
Marcus Mangetti;"Graduado em Tecnologia da Informação pela FATEC, Marcus tem especialização em Segurança da Informação pela Universidade Anhembi-Morumbi. Trabalha há quase 20 anos na área como técnico de suporte em TI na IMA – autarquia da cidade de Campinas que fornece os serviços e sistemas de TI da administração municipal.
Na Tradução, Marcus tem especialização em Tradução de Inglês e em Tradução Audiovisual, ambas pela Estácio de Sá, participou de cursos livres de Audiodescrição e Tradução Literária, faz traduções voluntárias para as redes Global Voices e Progressive International. Associou-se à Abrates e participou em 2024 do Programa de Mentoria Caminho das Pedras, sob a mentoria da tradutora Andressa Gatto. Também em 2024, participou das edições do Congresso do SINTRA e do PROFT. Como tradutor, atua nos pares inglês-português e italiano-português. Hoje, Marcus faz sua estreia como palestrante, aqui, na Translators101!"
;
Maria Paula Carvalho ;"Sócia fundadora da High5 Tradução, a carioca Maria Paula é intérprete de conferências e tradutora, além de se dedicar à qualidade da experiência de sua clientela avaliando a melhor solução para seus eventos. Ministra workshops e palestras tanto no Brasil quanto exterior. Ela também é editora de materiais paradidáticos com cuidado especial para o uso de linguagem inclusiva.
Recentemente, Maria Paula interpretou a cantora Madonna na transmissão do show Celebration Tour pela Rede Globo."
;
Mariana Almeida;Formada em Administração e em Letras (Licenciatura em Português/Inglês), Especialista em Tradução em Língua Inglesa, Mestre em Ciências Humanas e Sociais pela Universidade Federal do ABC (UFABC), e atualmente faz Doutorado no programa de pós-graduação em Ciências Humanas e Sociais pela mesma instituição, com o tema de pesquisa sobre a integração de refugiados por meio do ensino de português como língua de acolhimento. Trabalha há mais de 7 anos como professora universitária, ministrando aulas em cursos de Pós-graduação lato sensu na área de Comunicação, e em cursos de Letras (licenciatura e bacharelado em tradução). É tradutora na área de Ciências Humanas e Sociais e Jornalismo Ambiental. É professora de língua inglesa e língua portuguesa para estrangeiros, revisora, preparadora de textos e leitora crítica, elaboradora de materiais didáticos e tem experiência como examinadora do CELPE-Bras (Exame de Proficiência em Língua Portuguesa para Estrangeiros). Há 2 anos trabalha como voluntária no curso Nossa Casa, projeto de ensino de língua portuguesa para refugiados oferecido pela Universidade Federal do ABC e participa do Grupo de Estudos em Direitos Humanos e Relações Internacionais na mesma instituição.
;
Mariana Casetto;Mariana é formada em Letras pela Universidade de São Paulo, com especialização em Tradução e Pedagogia. Atua na área editorial, de tradução e revisão de textos desde 2008. Apaixonada por desafios, encontrou, em sua trajetória profissional, oportunidades de aprender e aplicar recursos de diversas áreas do conhecimento, como gestão de projetos, tradução, revisão, redação e criação.
;
Mariana Ciocca Alves Passos;"Formada em Letras (português e inglês) pela USP, Mariana Ciocca
Alves Passos começou sua carreira de tradução ainda na faculdade. Ela mora na Irlanda desde 2010 com o marido e as três filhas. Depois de mais de 10 anos trabalhando como tradutora e revisora freelancer, ela agora é Language Lead na ServiceNow, uma empresa de PaaS (Platform as Service). Ela também é integrante do Comitê Executivo da Associação Irlandesa de Tradutores e Intérpretes (Irish Translators’ and Interpreters’ Association – ITIA)."
;
Mariana Elisabetsky;Mariana Elisabetsky tem uma carreira de trinta anos que envolve atividades de atriz, cantora, apresentadora de TV, locutora, dubladora, roteirista e versionista/tradutora de teatro musical, séries de tv e cinema. Teve sua estreia nos palcos aos treze anos e, desde então, integrou os elencos de espetáculos como “A Borboleta Sem Asas” (como a própria Borboleta), “Sítio do Picapau Amarelo, O Musical” (no papel de Emília), “O Mágico de Oz” (no papel de Dorothy), “A Flauta Mágica” (como Pamina), “Grease”, “Mudança de Hábito” e “Meu Amigo, Charlie Brown” (no papel de Sally Brown). Dentre seus diversos créditos em televisão, apresentou ao vivo, durante três anos, o programa “Turma da Cultura”, apresentou a série “Traquitana”, atuou como manipuladora de bonecos e deu voz a personagens das séries “Igarapé Mágico” e “Rádio Zoo” além de dublar e fazer voz original para diversas séries brasileiras e internacionais. Foi responsável pela versão brasileira dos principais musicais em cartaz no Brasil nos últimos seis anos e hoje é a versionista oficial da Disney e da Netflix no Brasil. Suas versões brasileiras para cinema incluem os filmes “En-canto”, “Vivo”, “Soul”, “Frozen 2”, “Aladdin”, “Viva, a Vida É Uma Festa”, “Moana”, além de séries dos canais Disney Channel e Disney Jr e Netflix. Foi a criadora e roteirista da série “Rádio Zoo”, que foi ao ar pelo ZooMoo e agora está no ar pela Globoplay, através do Canal Futura. Criou o formato e escreveu os roteiros da série “Grandes Pequeninos Chefs (Discovery Kids), foi roteirista do programa infantil e diário “Quintal da Cultura” (TV Cultura), da segunda temporada da série de animação “Bubu e as Corujinhas” (Disney Jr e TV Cultura), entre outros.
;
Mariana Gualano;Mariana é tradutora há dezesseis anos e sua experiência se estende pela área técnica, literária e audiovisual. Já trabalhou como gerente de departamento de tradução e atualmente ministra um curso de formação de tradutores e um de tradução audiovisual. Em paralelo aos seus estudos do MBA, se especializou em escrita criativa.
;
Mariana Paz;Bióloga, atuou na área da saúde e meio ambiente, é praticante de Yoga há 11 anos e ensina Yoga e Meditação há 7 anos. É também mestre Reiki e atua como terapeuta reikiana e ministra cursos sobre esta técnica. Em 2007, conheceu o Yoga, num programa de Yoga no Trabalho para gerenciamento de estresse e se entregou a prática e estudo do que mais fez sentido em sua vida! Foi em 2012 que criou o projeto Kurma Yoga, cujo o objetivo é ensinar e cuidar de pessoas utilizando o Hatha Yoga, Yogaterapia, Meditação e Reiki, proporcionando autoconhecimento como força propulsora para o alcance do tão almejado bem-estar no seu aspecto, físico, mental e espiritual.
;
Mariana Serpa;Mariana Serpa é carioca e formada em Psicologia (PUC-Rio). Concluiu em 2012 a Formação de Tradutores da PUC-Rio, e desde 2013 traduz livros de ficção e não ficção para diversas casas editoriais. Entre seus principais trabalhos estão as séries Outlander (Arqueiro) e A Roda do Tempo (Intrínseca), a dupla de livros A guerra que salvou a minha vida e A guerra que me ensinou a viver e o romance de aventura As crônicas das sombras (DarkSide). Desde 2018 conduz em parceria com a Debora oficinas e cursos voltados ao universo da tradução literária.
;
Marianna La Vega;Com formação em Letras, especialização em Tradução e Sociolinguística, Marianna La Vega trabalha há 18 anos como tradutora e revisora nos ramos editorial, audiovisual e publicitário. Trabalha com legendagem e dublagem para grandes canais e streamings, atua como preparadora, revisora e leitora crítica de materiais didáticos da educação infantil ao nível universitário e revisa campanhas publicitárias. Está à frente da Menta Comunicação, agência especializada em serviços de tradução e revisão.
;
Marileide Dias Esqueda;"Professora Associada do Programa de Pós-graduação em Estudos Linguísticos e do Curso de Bacharelado em Tradução da Universidade Federal de Uberlândia. Pós-doutora em Estudos da Tradução pela Universidade de Montreal, Canadá (2018-2019). Doutora e mestre em Linguística Aplicada à Tradução pela Universidade Estadual de Campinas (2005). Realizou estágios de docência em Tradução pelo Programa Intercampus na Universidade de Extremadura e Universidade de León, na Espanha (1997-1998). Atuou como Presidente da Diretoria Executiva da ABRAPT – Associação Brasileira de Pesquisadores em Tradução no triênio 2014-2016. Temas de interesse: ensino e aprendizagem de tradução; tecnologias da tradução e interpretação; cienciometria."
;
Marina Araujo;"Marina é formada em Tradução pela Universidade Federal de Uberlândia (2014), com graduação-sanduíche em Escrita Criativa na University of East London (2012-2013) e atuação como revisora na Editora da Universidade Federal de Uberlândia.
Trabalha com tradução e revisão de artigos científicos em inglês desde 2010 e atualmente é professora de escrita científica em inglês na Una e coordena a equipe de tradutores e revisores especializados em artigos científicos."
;
Marina Schnoor;Tradutora freelance para a VICE Brasil de 2011 até 2020. Experiência com cultura pop, comportamento, internet, política, ciência, identidade, games, literatura e muito mais. Traduções sobre política para The Intercept. Repórter de tecnologia para o site Olhar Digital.
;
Marsel de Souza;Marsel de Souza é intérprete e tradutor em tempo integral. É formado em Tradução – Inglês/Português pela Universidade de Brasília e fez estudos avançados de língua francesa na Aliança Francesa. É sócio-fundador da Elos Intérpretes e Tradutores, escritório sediado em Brasília. É membro da Abrates, AIIC, APIC e ATA. Trabalha com frequência como tradutor e revisor para clientes de várias partes do mundo.
;
Marun Reis;Curioso profissional, Marun é formado em Tradução pela Unesp de São José do Rio Preto e em teatro pelo Teatro Escola Macunaíma. Trabalha como tradutor audiovisual para dublagem há 17 anos, é especialista em conteúdo, ativista LGBT+ e artista dos palcos e da voz. Passou tempo demais carregando o peso de ter de se levar muito a sério, o que lhe rendeu uma dor nas costas. Ama desafios, comédia e uma cachorrinha chamada Amora.
;
Maryanne Linz;Maryanne Linz é professora de Localização de jogos na Pós-graduação de Tradução Inglês-Português da PUCPR e, junto com Edmo Suassuna, ministra o curso livre de Localização de jogos na Pretexto. É tradutora e editora de alguns dos produtos mais importantes da área, como Destiny 2, Fortnite, Resident Evil 3, Soulcalibur VI, The Walking Dead: The Final Season, entre muitos outros. Com mais de quinze anos de experiência no mercado editorial, há alguns anos passou a se dedicar exclusivamente à indústria de jogos. Hoje trabalha em projetos de empresas como Microsoft, Sony, Epic, EA, Bungie, Capcom, Bandai Namco, Amazon, entre outras.
;
Mateus Ornellas ;Mateus Ornellas é jornalista de formação. Em 2018, tornou-se editor na Mythos Editora, prestando serviços para a Panini Comics e cuidando de títulos como O Espetacular Homem-Aranha, X-Men, Venom, Capitã Marvel e outros, com mais de dez mil páginas de HQs editadas. Também atuou como tradutor (Batman: Cavaleiro Branco, Homem-Aranha: História de Vida) e adaptador (X-Men, Mulher Maravilha). É coordenador de produção na Galápagos desde 2021, cuidando das equipes de localização dos jogos de tabuleiros, RPGs (Camarilla, Sabá, Caçador: A Revanche, entre outros) e HQs (Vampiro: A Máscara - Presas do Inverno Vol. I e II) lançados pela empresa.
;
Matheus Maggi;"Matheus Maggi tem experiência com legendagem desde 2013, quando ingressou no mundo das fansubs fazendo legendas voluntariamente. Decidido a trabalhar no ramo, o Engenheiro Civil especializou-se cursando uma pós-graduação de Tradução Audiovisual e atua como legendador profissional desde 2017. Cria legendas para as principais empresas de streaming e tem experiência em diversos softwares, como Subtitle Edit, Ooona Tools, EZTitles, entre outros. Disposto a sempre ajudar, decidiu criar um curso gratuito no YouTube chamado ""Desvendando o Subtitle Edit"" com mais de 20 vídeos e mais de 5 horas de conteúdo explicando todas as funcionalidades e dando dicas do software Subtitle Edit."
;
Matheus R. Chaud;Com formação em Engenharia de Materiais e Mestrado em Linguística pela UFSCar, sou tradutor certificado pela ABRATES e membro qualificado do ITI. Desde 2005, atuo como tradutor autônomo, oferecendo serviços de tradução, revisão, MTPE, legendagem e controle de qualidade. Vencedor do 16º e 17º concursos de tradução do ProZ.com, já tive a oportunidade de trabalhar com clientes renomados como Microsoft, Intel, Dell, Google e LinkedIn. Atuo principalmente nas áreas de TI, engenharia e negócios.
;
Matheus Fabris;Matheus Fabris deixou a carreira de programador para se dedicar à tradução de jogos EN>PT-BR, e desde então nunca parou de encontrar novas formas de aplicar seu conhecimento ao novo campo. Foi tradutor voluntário por dois anos e então se tornou profissional. Já atuou como tradutor em jogos como Farm Together 2 e Roboquest.
;
Mauro Moser;Intérprete de Conferências, Tradutor e Professor na M MOSER. Interpretação (tradução oral). Pares de trabalho: PT<>IT, PT<>EN, PT<>DE, IT<>EN, IT<>DE, ES>IT, EN<>DE. Modalidades: RSI, simultânea, consecutiva e de acompanhamento. Tradução escrita: PT<>IT, EN>IT, DE>IT. Aulas de italiano, inglês, alemão e português para estrangeiros.
;
Melissa Harkin;Melissa Harkin é uma tradutora brasileira-estadunidense com 20 anos de experiência. Formada em Direito, cursou MBA na área de Projetos e Pessoas e fez especialização em Localização e Internacionalização. Atualmente, é mestranda em Estudos da Tradução na Universidade de Birmingham, Reino Unido. Credenciada no par inglês > português pela Associação Americana de Tradutores (ATA), também foi aprovada na prova para tradutores do Departamento de Estado dos Estados Unidos da América (EUA) e trabalhou para o Departamento de Defesa dos EUA, alocada para uma das organizações do Exército dos EUA. Passou, ainda, na seleção de tradutores do Banco Interamericano de Desenvolvimento (BID) nos pares inglês > português e espanhol > inglês e traduz para fundações de ex-presidentes dos EUA e do Brasil.
;
Meritxell Almarza;Mestre em Estudos da Linguagem (PUC-Rio) e em Editoração Global pela Universidade Pompeu Fabra de Barcelona. Graduada em Tradução e Interpretação pela mesma universidade. Tradutora e revisora para o mercado editorial e para o jornal El País, além de coordenadora de dicionários bilíngues e do curso de Graduação em Tradução e Interpretação de Inglês/Português da Faculdade Phorte.
;
Michel Teixeira;Michel Teixeira é tradutor profissional desde 2005. É mestre em Letras pela PUC-Rio, especialista em Tradução de Espanhol pela Gama Filho e bacharel em Publicidade e Propaganda pela UFRJ. Cursou também a formação de tradutores da PUC-Rio. Atualmente trabalha como editor, revisor e tradutor para clientes das áreas de videogames, marketing, turismo, TI e editorial.
;
Mitsue Siqueira;Mitsue Siqueira é tradutora e revisora da Ccaps Translation & Localization, no par inglês<>português, e reside no Rio de Janeiro.
;
Mirella Nunes Giracca;Professora Adjunta na UNIR, tem formação pela UFSC (licenciatura e bacharelado em Letras Espanhol), é mestre e doutora em Estudos da Tradução pela PGET-UFSC. É avaliadora DELE. Pesquisa sobre tradução e ensino de línguas, tradução pedagógica, tradução e retextualização de gêneros textuais, tradução como representação cultural. É eterna  aprendiz e mãe do Gabriel, que veio a este mundo para ressignificar o sentido de retextualização na vida prática
;
Monique D’Orazio;Monique D'Orazio é tradutora editorial, preparadora e revisora de textos, com 14 anos de tradução e 12 anos de mercado editorial, atuando fortemente na área de literatura de entretenimento. Formada em Relações Internacionais, MBA em Book Publishing e pós-graduada em Revisão de Textos, já traduziu do inglês e do espanhol mais de 140 livros de ficção e não ficção, clássicos e juvenis, para editoras grandes e pequenas do Brasil e do exterior, além de 300+ livros infantis. Especializa-se em ficção histórica desde antes de saber o que era isso.
;
Mônica Lange;Recém-formada em medicina veterinária pela Universidade de São Paulo, e ainda nos tempos em que se procurava emprego nos classificados do jornal de domingo, Mônica se deparou com um anúncio que a faria mudar de carreira: Procura-se veterinário tradutor. Após alguns anos trabalhando como tradutora in-house em uma grande agência em São Paulo, formou-se em Tradução e Interpretação de Conferências pela Associação Alumni e pouco depois mudou-se para a Suíça, onde deu início à sua carreira de intérprete junto às organizações internacionais, federações esportivas, organizações humanitárias e indústria farmacêutica. Além da interpretação, também se dedica à tradução de textos da área científica e da saúde e é membro da Abrates e tradutora certificada pela Association suisse des traducteurs, terminologues et interprètes (ASTTI).
;
Mylene Queiroz;Mylene Queiroz tem graduação em Ciências Sociais pela Universidade Federal de Santa Catarina (1999), graduação em Letras Português - Inglês - UNISEB (2013) e mestrado em Estudos da Tradução - PGET pela Universidade Federal de Santa Catarina (2011). Atualmente é professora do Mestrado em Interpretação de Conferência urso de Interpretação na área da Saúde da Glendon School of Translation, York University, Canadá. Pós-graduanda em Ensino a Distância pela Faculdade Campos Eliseos. Possui MBA de Gestão Empresarial pela Fundação Getúlio Vargas. Tem experiência na área de Linguística, com ênfase em INTERPRETE, atuando principalmente nos seguintes temas: community interpreting, interpretação médica, interpretação e interpretação comunitária.
;
Natália Estrella;"Natália é tradutora de novela mexicana; Intérprete de espanhol e fundadora do Clube de Leitura para Tradutores."
;
Natalie Gerhardt;Natalie Gerhardt é formada em Letras com habilitação em tradução e pós-graduada em Língua Inglesa. Já traduziu mais de 120 livros para as principais editoras do Brasil. Retomou a escrita em 2021, e seu primeiro romance foi selecionado para a Rio2C. Publicou o conto “A vingança da adolescente revoltada” na Amazon e o audiobook “Dona de mim” acabou de ser lançado. É criadora do canal Natividade no YouTube e leciona tradução editorial na PUC-PR.
;
Natalie Graue;Natalie é tradutora e intérprete de inglês, e essa é sua terceira carreira profissional. Já foi professora, e possui mais de 15 anos de experiência como produtora executiva de eventos.
;
Núbia Tropéia;Núbia Tropéia é tradutora profissional há 7 anos e há 1 ano se dedica principalmente ao mercado editorial de literatura coreana, com três traduções e uma preparação já publicadas. É graduada em Letras – Português e Coreano pela USP (2016) e certificada no Programa Formativo para Tradutores Literários da Casa Guilherme de Almeida (2017). Além disso, é pós-graduada em Tradução Audiovisual de Inglês pela Estácio (2021) e certificada em língua coreana pela Seoul National University, na Coreia do Sul (2024).
Pablo Cardellino;Pablo Cardellino Soto é doutor em Estudos da Tradução, com tese sobre as Notas do Tradutor, e professor do curso de Letras-Tradução Espanhol da Universidade de Brasília. Tradutor profissional durante 20 anos, especializou-se na tradução e na pesquisa de traduções de textos de Machado de Assis, de quem verteu Dom Casmurro, Várias histórias, O alienista e Casa Velha, e atualmente está traduzindo Esaú e Jacó. Também traduziu, para o português, solo ou a quatro mãos, autores como Juan Emar, Felisberto Hernández e Miguel de Cervantes.
;
Paloma Bueno;Tradutora e intérprete de Libras com ampla experiência em acessibilidade audiovisual: janela de Libras para comerciais de TV e internet: publicitários, propaganda eleitoral, institucionais. Experiência em interpretação simultânea português-Libras em conferências nas áreas: corporativo, educação, audiovisual, comunicação e marketing, empreendedorismo, inovação e tecnologia. Programas de entretenimento e jornalismo, passei por TVs Legislativas, TV Guarulhos, TV Band, TV Cultura e GloboNews. Interpretação simultânea remota com ampla experiência em plataformas de transmissão: vMix Call, OBS Ninja, Zoom. Filiada à ABRATES desde 2015, APIC em 2021, SINTRA desde 2017. Pós-graduada em interpretação da Libras.
;
Patricia Gimenez Camargo;Patricia Gimenez Camargo é intérprete e tradutora de inglês para português desde 1995. Doutora em Estudos da Tradução pela USP-Brasil, leciona Tradução e Interpretação em diversas instituições. Coordenadora de curso universitário de interpretação de tradução e dos cursos TRADUSA. Coeditora de uma série de livros sobre tradução e leitura e parecerista em diversos periódicos nacionais e internacionais.
;
Patrícia Franco;Patrícia Franco, tradutora, jornalista, professora. Graduou-se em Comunicação Social, fez diversos cursos de pós-graduação nas áreas de gestão e turismo, um mestrado em História até chegar a Tradução em 2009. Traduz principalmente conteúdos jornalísticos, econômicos, marketing, meio ambiente e turismo. Participa de diversos grupos de tradutores onde busca orientar e motivar tradutores iniciantes e em formação. Mora em Juiz de Fora mas adora viajar. Além de traduzir e escrever, gosta de viajar, ouvir música e brincar com tintas e pincéis. Desde o início da pandemia, resgatou um antigo hobby: montar quebra-cabeças gigantes e constatou que encaixar as pecinhas tem muito a ver com a prática da tradução onde se desconstrói um texto em uma determinada língua para reconstruí-lo em outra.
;
Patrícia Loreto;Patrícia Loreto é Tradutora e Intérprete na Hive Companhia de Intérpretes. Especialidades: Mineração, Siderurgia, Contabilidade, Engenharia Mecânica, TI, Papel e Celulose, Gerenciamento de Projetos, Telecomunicações, RH, Publicidade, Contratos, Propostas Comerciais e Técnicas, Folhas de Dados, Relatórios, entre outros.
;
Patricia Souza;Tradutora e intérprete, entrou para a profissão em 2001 pela porta do audiovisual, em Buenos Aires, cidade onde morou por 20 anos. Em 2014, concluiu o curso de formação em interpretação simultânea inglês–espanhol. Depois de atuar em diferentes áreas, se especializou em educação, políticas públicas, relações raciais, diversidade e inclusão, recursos humanos e comunicação corporativa. Tem sólida experiência em legendagem e revisão para cinema, streaming e vídeos institucionais. Atualmente também é sócia do Instituto Jira, consultoria em educação antirracista que trabalha em escolas particulares de São Paulo.
;
Patrizia Cavallo;Patrizia Cavallo é italiana e mora no Brasil (Porto Alegre) desde 2011, onde é tradutora e intérprete de italiano, português, inglês e francês. Possui Mestrado e Doutorado em Letras pela UFRGS e Mestrado em Interpretação pela Universidade de Bologna - Itália. Ministra cursos sobre língua italiana, tradução e terminologia para intérpretes, sendo também professora da disciplina “Gestão de Terminologia para Intérpretes” do curso de formação de intérpretes da Interpret2B. É associada à ABRATES (pela qual possui credenciamento no par português < > italiano), à ABRAPT, à ABPI e ao SINTRA.
;
Paula Barreto;Se a LBM fosse um corpo, a Paula trabalharia na alma. É ela quem faz a tradução e a revisão de grande parte do que você vai ler na tela quando a assinatura é Little Brown Mouse. Ela é responsável pelo controle de qualidade da LBM, vulgo pente fino antes da entrega final. Sua vida profissional foi toda dedicada à tradução audiovisual, trabalho que considera muito prazeroso e dinâmico. Também se sente feliz por oferecer esse serviço para quem, de outra forma, não teria acesso a esses conteúdos.
;
Paula Ianelli;Paula Ianelli é formada em tradução pela UNESP e em interpretação simultânea pela PUC-SP. Ela é certificada pela ATA (Associação Americana de Tradutores) e pela ABRATES (Associação Brasileira de Tradutores e Intérpretes), além de ser associada à AIIC (Associação Internacional de Intérpretes de Conferência) e à APIC (Associação Profissional de Intérpretes de Conferência). Além de ter sido diretora da ABRATES, Paula já apresentou dezenas de palestras e cursos no Brasil e no mundo.
;
Paula Pizauro;Formada em tradução, pós-graduanda em gamificação. Mais de 3 anos de experiência em localização de jogos de tabuleiro. Twitter: @paulapizauro LinkedIn: https://www.linkedin.com/in/paula-pizauro-rodrigues/
;
Paulo Henriques Britto;Paulo Henriques Britto é tradutor e professor de tradução, literatura e criação literária da Pontifícia Universidade Católica do Rio de Janeiro (PUC-Rio), atuando na graduação e na pós-graduação. Publicou oito livros de poesia e dois de contos, bem como estudos monográficos sobre canção popular, poesia brasileira e tradução literária, além de cerca de quarenta artigos acadêmicos. Coletâneas de sua poesia foram publicadas em tradução nos Estados Unidos e na Suécia, e sua obra poética reunida foi editada em Portugal. Traduziu mais de 120 livros, inclusive coletâneas de poesia de Wallace Stevens, Allen Ginsberg, Byron e Elizabeth Bishop. Ganhou diversos prêmios literários, como o Portugal Telecom, o Prêmio Bravo! Bradesco Prime, o da Associação Paulista de Críticos de Arte e o da Fundação Biblioteca Nacional.
;
Paulo Noriega;Paulo Noriega é Bacharel e Especialista em Tradução, do par de idiomas inglês-português, e presta serviços de tradução para dublagem para renomadas empresas do ramo. Ao longo de sua carreira, traduziu mais de 400 horas de produções audiovisuais e é autor do blog Traduzindo a dublagem, um dos primeiros blogs brasileiros inteiramente dedicado à tradução para dublagem.
;
;
Petê Rissatti;"Bacharel em Tradução Inglês-Português pela UNIBERO e especialista em Tradução Alemão-Português pela USP. Trabalha com textos desde 1998 e já atuou como revisor, gerente de projetos de tradução, preparador de textos, tradutor técnico e editorial. Tem mais de 100 livros traduzidos e publicados, entre eles ""A metamorfose"", ""Na colônia penal"" e ""O processo"", de Franz Kafka, ""Metrópolis, de Thea von Harbou"", entre outros. Foi semifinalista do Prêmio Jabuti em 2020 na categoria tradução com a obra Bambi: a história de uma vida na floresta, de Felix Salten (Editora Wish). Também é professor de práticas da tradução na Associação Alumni, na Faculdade Phorte e em outras escolas e cursos livres."
;
Philippe Mercier ;Philippe Mercier began his career as an IT consultant and author of a dozen software programming books published by Hachette France. His passion for writing and his expertise in IT quickly led him to the world of translation and software localization, where he participated in numerous projects and held various positions within translation agencies. Drawing on his experience in IT and his understanding of the challenges faced by translators, he has always strived to develop innovative solutions to meet their specific needs. More recently, he has incorporated the latest advancements in artificial intelligence, such as machine translation and ChatGPT, into a CAT tool (Wordscope). This integration aims to assist translators in enhancing the quality and speed of their services, addressing the growing demand for translation in our globalized world.
;
Priscila Mottola;"Priscila atua há quase dez anos no cliente como linguista responsável pela qualidade do conteúdo em português. Com uma trajetória profissional bastante peculiar, já foi jogadora de futebol, produtora musical e locutora publicitária. É formada em comunicação pela Brigham Young University (EUA), onde foi oradora da turma de formandos. Já ganhou o primeiro lugar numa conferência de comunicação norte-americana; participou de projetos premiados no Festival de Cannes como compositora; encabeçou o departamento de tradução em uma multinacional e está se preparando para participar como palestrante da LocWorld47, em Berlim. Atualmente Priscila gerencia a equipe de QA de localização na KnowBe4, organização líder no setor de e-learning corporativo voltado para treinamentos de conscientização em segurança da informação."
;
Priscila Stuani;"- Psicóloga, graduada em Marketing, Pós-graduada em Neurociência aplicada à educação, busco oportunidade para compartilhar aprendizado e aprender, com ênfase em educação corporativa (à distância e presencialmente).; - Como neuroeducadora, criei mais de 50 cursos livres na Alura Cursos Online, com foco no público B2C e B2B, onde acumulei profundo conhecimento na criação de conteúdo e gravações.;  - Atualmente, como Product Owner, possuo conhecimento em metodologia ágil, construção e gestão de backlog do produto e acompanhamento das Sprints.; - Conhecimento em metologias de educação corporativa, modelo online. Atenção especial às principais softskills (comunicação não-violenta, relacionamento interpessoal e produtividade), priorização, gerenciamento de rotina e paixão pelo processo de aprendizagem.;  - Aquisição e retenção de talentos na área de gestão e inovação."
;
Rafa Lombardino;Rafa é brasileira e radicada na Califórnia desde 2002. É tradutora desde 1997 e credenciada pela Associação Americana de Tradutores (ATA) em inglês para português e português para inglês. Tem certificado profissional em tradução de espanhol para inglês pelo curso de extensão da Universidade da Califórnia em San Diego, onde passou a lecionar sobre o papel da tecnologia na tradução em 2010. Sua aula virtual “Tools and Technology in Translation” é acompanhada pelo livro em inglês de mesmo nome. É diretora executiva da Word Awareness e se especializa em tecnologia, comunicação, marketing, RH, saúde, educação, imigração, audiovisual e literatura.
;
Rafael Silvaro;"Rafael Silvaro é formado em Letras
Vernáculas e Clássicas pela Universidade
Estadual de Londrina, com especialização em
Marketing Editorial pelo LabPub. Atuando
como editor freelancer e editor-chefe nas
editoras Madrepérola e Verne, ele acumula
mais de 12 anos de experiência no mercado
editorial. Ao longo de sua carreira, Rafael
publicou mais de 150 livros, dos quais mais de
20 alcançaram sucesso notável. Além de
ensinar o processo de escrita e publicação, ele
revela os mecanismos que grandes editoras

usam para transformar livros em joias raras."
;
Rafaela Mota Lemos;"Rafaela, portuguesa, é tradutora e mais uma série de coisas que não cabem num pitch de elevador. Neste momento, trabalha como content strategist para uma das maiores empresas portuguesas e acredita que o trabalho não nos define, mas que deve dar-nos algum prazer. Depois de ter sido oradora em 2016 no Congresso da Abrates com o tema ""Ensaio sobre o fracasso"", em que partilhava 10 lições aprendidas em 10 anos de carreira, agora arrisca fazer uma atualização dessa palestra."
;
Raissa Duboc;Raissa Duboc é uma linguista brasileira que mora em Portugal e trabalha com tradução audiovisual e técnica, revisão e controle de qualidade desde 2015. Seus idiomas de trabalho são inglês e português brasileiro. Formada em Direito, Raissa passou mais de dez anos lecionando idiomas até que, em 2015, entrou no ramo da tradução. Em 2016, iniciou uma pós-graduação em Tradução e atualmente faz mestrado em Tradução e Serviços Linguísticos na Universidade do Porto, em Portugal. Trabalha principalmente com tradução e revisão de legendas e se interessa por filmes, séries, livros e viagens.
;
Rane Souza;Rane Souza é uma mineira nascida em Timóteo-MG que mora no Rio de Janeiro desde 2008. Ela é intérprete de conferências, tradutora, educadora antirracista e idealizadora da iniciativa Abrates Afro. Tradutora desde 2009 e intérprete de conferências desde 2012. No mercado de tradução escrita, atua, principalmente nos segmentos editorial, questões étnico-raciais e de meio ambiente. Como intérprete de conferências, trabalha nos mercados corporativos, público e privado, e do terceiro setor com destaque para eventos nas áreas de meio ambiente e questões étnico-raciais. Rane Souza é vegana desde 2013. Além disso, acredita que é possível aliar as boas práticas do exercício profissional de tradutores e intérpretes ao combate das muitas opressões sociais existentes no Brasil.
;
Raul Rocha;Raul Rocha é tradutor especializado em jogos e mestre profissional de RPG, uma combinação que o levou a vencer o BoardGameJam de RPG e a primeira edição da LitJam. Formado em Tradução e Interpretação pela FMU, passou um breve período no Marketing de uma das maiores editoras (de jogos) do país. Escreveu e traduziu mais de 5 mil artigos em seus anos de jornalismo digital. Hoje, tem alguns projetos grandes de localização nas costas e a caminho do portfólio. Como monitor, é o profissional de confiança das editoras para lidar com os títulos mais complexos, que ocasionalmente envolvem torres giratórias.
;
Regiane Winarski;Regiane Winarski é formada em Produção Editorial pela ECO-UFRJ e tradutora de inglês para português desde 2008. É especializada em tradução literária para editoras como Suma, DarkSide, Arqueiro, Rocco, Intrínseca e outras, com mais de 150 livros publicados. Trabalha com uma ampla variedade de gêneros, como fantasia, suspense/horror e romances para adultos e jovens adultos, de autores como Stephen King, Rick Riordan, Suzanne Collins e George R.R. Martin. Faz também localização de videogames desde 2020 e participou da equipe de tradução do Baldur's Gate 3.
;
Reginaldo Francisco;Reginaldo Francisco é bacharel em Letras com Habilitação de Tradutor pela Universidade Estadual Paulista (UNESP) e mestre em Estudos da Tradução pela Universidade Federal de Santa Catarina (UFSC). Tradutor técnico e literário, traduziu obras conhecidas, como o clássico infantojuvenil italiano O Diário de Gian Burrasca, HQs do personagem Corto Maltese e A volta ao mundo em 80 dias, de Júlio Verne. Ministra cursos e palestras presenciais e on-line sobre tradução e é treinador cadastrado da ferramenta de auxílio à tradução Wordfast.
;
Reinaldo Lopes;Reinaldo Lopes é formado em jornalismo na ECA–USP. Possui um trabalho acadêmico concentrado na teoria da tradução, tendo como objeto de estudo textos de J. R. R. Tolkien. Defendeu o mestrado Árvore das Estórias: Uma proposta de tradução para Tree and Leaf, de J.R.R. Tolkien e o doutorado With many voices and in many tongues: Pseudotradução, autorrefração e profundidade cultural na ficção de J.R.R.Tolkien na área de Estudos Linguísticos e Literários em Inglês na FFLCH–USP. É cofundador do site Valinor, um dos mais antigos e conceituados sobre discussão e estudos sobre J. R. R. Tolkien no Brasil. Foi editor de Ciência e Saúde da Folha de S.Paulo e hoje é repórter, colunista e blogueiro do jornal. É autor de cinco livros de divulgação científica, sendo o mais recente 1499: O Brasil Antes de Cabral.
;
Renata Cassemiro;Fisioterapeuta e assistente de pesquisa clínica e assuntos regulatórios. Na área da pesquisa, atuei elaborando projeto de pesquisa, providenciando todos os documentos necessários para submeter o projeto ao CEP, conseguimos aprovação e iniciamos os trâmites de recrutamento, aplicação do método e análise de resultados, despertando em mim o interesse na área de pesquisa clínica. Atualmente estou estagiando como assistente de pesquisa clínica na IPITEC Da Santa Casa de Misericórdia de São Paulo e concluindo o Curso de Capacitação em Pesquisa Clínica da Invitare. Também atuo com palestras sobre saúde ocupacional e ergonomia no home office em empresas e para pessoas que necessitam de suporte e orientação para melhorar a qualidade vida no trabalho. Apaixonada pela reabilitação e o benefício que ela traz para a vida do indivíduo e seus familiares, atuo também com foco nas atenções primárias junto ao paciente, cuidadores e familiares. A reabilitação e o retorno rápido para as atividades de vida diária é um dos principais objetivos da minha atuação, principalmente no pós operatório, para que o paciente se sinta motivado a realizar as terapias com afinco e regularidade, devolvendo assim a esperança para que o paciente continue a acreditar e confiar na ciência.
;
Renata Machado;"Renata Machado - Intérprete de Conferências (PUC/ SP), Tradutora e Revisora (Universidade Gama Filho) & Intérprete Forense da Justiça Federal (Português <> Inglês <> Espanhol) certificada pela i2B Escola de Formação de Intérpretes de Londrina, habilitação em Direito com especialização em Direito Internacional e Espacial (UNIVAP/ SJC), certificada em Direito Penal Internacional (Faculdade de Direito da Universidade Case Western Reserve de Cleveland, Ohio/ USA).
Tradutora e intérprete arbitral da Câmara Privada do Tribunal de Justiça Internacional do Brasil, credenciada no Tribunal de Justiça Arbitral, Mediação e Conciliação Internacional dos Estados Brasileiros (CPTJAMC), certificada em Direito Internacional em Arbitragem Internacional (Universidade de Leiden, Holanda), Licenciatura em Letras (Inglês-Português e Espanhol-Português, ambas pela Estácio de Sá), Proficiência em Espanhol (DELE pelo Instituto de Cervantes, Espanha).
Intérprete Remota para Estados Unidos e países da Europa nas áreas: jurídica, médica, comunitária, atendimento ao cliente e imigração, certificada em Proficiência em Inglês Americano (Universidade de Michigan, USA) e Inglês Britânico (Universidade de Cambridge, Inglaterra), Business English (Frances King, Londres) e Inglês Britânico (Edgware Academy, Londres), Professora-tutora colaboradora do Curso de Interpretação Comunitária da Universidade de Brasília (UnB), palestrante, com mais de 28 anos de experiência na área corporativa e pedagógica, especialista em assuntos jurídicos e governamentais, membro da Associação Brasileira de Tradutores e Intérpretes (ABRATES) e da National Association of Judiciary Interpreters & Translators (NAJIT). 
Renata faz parte do CME - Comissão das Mulheres Empreendedoras de São José dos Campos, e é diretora da empresa Renata Machado Consultoria de Língua Estrangeira, que faz parte do quadro de associados do IDEJ – Instituto para o Desenvolvimento do Empreendedorismo Joseense.
Fundadora e diretora responsável pela AtivaBrazil - Agência de Tradução & Interpretação do Vale do Paraíba.
www.AtivaBrazil.com.br     www.renatamachado.com"
;
Renata Pettengil;Renata Pettengill trabalha na editora há 32 anos. Cada degrau da escada da formação acadêmica e profissional (com alguns degraus paralelos): estudante de letras, revisora, copidesque, escritora de livros infantis ilustrados, assistente editorial, estudante de pós em tradução, editora, tradutora, professora de tradução, professora de produção editorial, editora-executiva de aquisições e agora estudante de nova pós em letras. Para assuntos de tradução em geral: renatapettengill@gmail.com Para envio de CVs: renata.pettengill@record.com.br
;
Renato Geraldes;"Renato R. Geraldes é Mestre de Cerimônias, Intérprete de Conferências, ator e locutor. Formado em Letras-Tradutor-Intérprete pela UNIBERO e pós-graduado em interpretação de conferências pela Estácio de Sá, Renato atua como intérprete desde 2012, principalmente nas áreas de agricultura, saúde e medicina, finanças e negócios e política e entretenimento, as duas últimas principalmente em trabalhos para televisão e mídias.
Renato promove cursos de educação continuada, é professor convidado da Alumni e foi examinador das provas de Cambridge. Seus idiomas de trabalho são português, inglês, alemão e espanhol."
;
Ricardo Souza;Ricardo Souza é linguista profissional em tempo integral, fornecendo serviços linguísticos para empresas de idiomas, agências de tradução e clientes diretos na América Latina, América do Norte e Europa desde 2000. Também atua como gerente de projetos de tradução, revisor, editor, leitor de provas, pré-editor, pós-editor, intérprete de acompanhamento, consultor de língua e cultura e, por último, mas não menos importante, como professor de tradução.
;
Ricardo Garcia;Ricardo W. Garcia é tradutor e revisor desde 1998. Possui experiência em traduções técnicas de diversas áreas, incluindo história, teologia, odontologia, teses acadêmicas e jogos de tabuleiro.
;
Richard Laver;"Richard Laver é intérprete freelance atuante há mais de 20 anos na combinação linguística português e inglês A e espanhol C. Richard é proprietário da Comunica Tradução Simultânea, empresa fornecedora de equipamentos e uma das pioneiras em hubs de interpretação no Brasil. Entre outras experiências, fez parte da equipe de interpretação remota da Copa do Mundo no Brasil em 2014 que foi inclusive objeto de uma pesquisa internacional sobre RSI. Ainda na interpretação, atua como intérprete consultor responsável por orientar contratantes de interpretação em grandes eventos; é formador de intérpretes desde 2014 e responsável pelas atividades da rede VEGA da AIIC para orientação de iniciantes na carreira de intérprete de conferência. A Comunica presta também serviços de tradução e legendagem, o que completa uma visão bastante ampla do mercado de serviços linguísticos em geral."
;
Roberta Jenkins;Em 2021, a especialista em localização, transcriação e LQA Roberta Jenkins completou 25 anos nos pares português brasileiro-inglês e inglês-português brasileiro. Com formação em Jornalismo, Letras/Tradução e Marketing, ela hoje atua como lead linguística e revisora de empresas do setor de TI, e-commerce e finanças. É uma estudante inveterada, fã de tecnologia e viciada em artigos de papelaria.
;
Robson Ortlibas;"Robson Ortlibas é bacharel em tradução e interpretação pela Universidade
Nove de Julho, atua como tradutor editorial, técnico e audiovisual de russo, inglês e
eslavo eclesiástico para o português, é russista e palestrante nas áreas da tradução e
russística. Tem especialização em Análise do Discurso em Língua Russa na
Universidade Estatal de Tomsk, História da Rússia na Universidade Estatal de São
Petersburgo e Etiqueta do Discurso em Língua Russa na Escola Superior de
Economia de Moscou. Na tradução editorial, destaca-se por obras traduzidas de
Tolstói, Dostoiévski, Tchékhov, Beliáev, Bunin, entre outros."
;
Rodrigo Anunciato;Casado com uma tradutora e pai de 2 lindos filhos sou um profissional com mais de 20 anos de experiência comprovada em vários modelos comerciais, incluindo venda direta, governo, varejo (B2C) e atacado (B2B) atuando em funções comerciais, planejamento, inovação e com passagens por grandes empresas como Kodak, Natura, Hering, Consultoria e Evino.
;
Rômulo Faria;Formado em Letras pela Universidade Braz Cubas, de Mogi das Cruzes, atua há 10 anos como tradutor técnico na Embraer, cuidando dos manuais técnicos de aeronaves como o cargueiro C-390 Millennium, o avião presidencial brasileiro e o Super Tucano, da Esquadrilha da Fumaça. Foi professor de inglês por 15 anos e trabalhou como curador de vídeos de língua inglesa no YouTube Educação. Atualmente, também faz parte das equipes de localização de empresas como McAfee, Indeed e Atlassian. Na Embraer, é o responsável pelo treinamento da norma técnica ASD-STE100, conhecida popularmente como Simplified English.
;
Roney Belhassof;"Analista de sistemas formado na PUC-Rio, especializado em gestão do conhecimento, principalmente na área de meio ambiente. Responsável pelo desenvolvimento de sistemas para empresas de porte como Esso e Lojas Americanas.
À partir de 2008 passou a se dedicar exclusivamente à gestão de conhecimento on-line especializando-se em cibercultura e persona digital atendendo empresas como a Globo, InPress e Sebrae.
Também é ativo na área de criação de startups atuando em 2021 na área de TI e estratégias de marketing da Win-Win Traduções, projeto que democratiza o acesso a tradutores profissionais."
;
Rosita Belinky;"Interpretação simultânea de palestras, apresentações, workshops, fóruns e acompanhamentos; Tradução de textos técnicos e institucionais, livros e revistas; Traduções preparatórias para legendagem de filmes e vídeos. Para fotografia: Instagram @robelinky Apaixonada por esportes e pela vida ao ar livre; Consultora para Esportes de Aventura; Montanhista, ciclista, corredora de aventura, trilha e asfalto; Mais de 50 viagens e atividades guiadas ao ar livre em montanha/gelo; Larga experiência em treinamento de técnicas de segurança, tendo participado de seis expedições à Antártica com a Marinha do Brasil e ministrando treinamentos para o Corpo de Bombeiros, Marinha e executivos de multinacionais."
;
Rossana Cunha;Rossana Cunha é pesquisadora e doutoranda na Universidade Federal de Minas Gerais (UFMG). Atua nas áreas de geração de linguagem, processamento de linguagem natural e tradução automática. Apaixonada por praia, yoga, comunidades e da dupla: Kindle e uma bela xícara de chá. Google Scholar: https://scholar.google.com/citations?user=98tO96YAAAAJ&hl=e Linkedin: https://br.linkedin.com/in/rossana
;
Rozane Rebechi;Rozane Rebechi é professora no Instituto de Letras da Universidade Federal do Rio Grande do Sul (UFRGS), atuando na graduação e pós-graduação. É mestre e doutora pela Universidade de São Paulo (USP). Suas principais áreas de pesquisa são Tradução, Terminologia e Discurso, às quais aplica a Linguística de Corpus como metodologia. Foi diretora do Departamento de Mobilidade Acadêmica e vice-secretária de Relações Internacionais da UFRGS. Atualmente, é presidente da Associação Brasileira de Pesquisadores em Tradução (ABRAPT), membro do conselho administrativo do European Masters in Technology for Translation and Interpreting (EM TTI) e chefe do Departamento de Línguas Modernas da UFRGS.
;
Sandra Garcia;"Formada em Comunicação Social, com habilitação em Publicidade e Propaganda pela Universidade Anhembi-Morumbi e em Tradução e Interpretação Português/Inglês e Licenciatura pela Faculdade Ibero-Americana.
Mais de 40 anos de experiência no ensino de idiomas em escolas e particular e mais de 35 anos de experiência em tradução, versão e revisão nos idiomas inglês, português e espanhol nas áreas de tecnologia em geral e marketing, desde sites, interfaces de programas, e de manuais a material de divulgação.
Trabalhou em importantes projetos nas áreas de tecnologia em agências de tradução e em empresas entre as 10 maiores do mundo.
Hoje atua como professora do módulo de Tecnologia do Curso ¡QuijoTe! de Formação de Tradutores e Intérpretes de espanhol e inglês e como tradutora freelancer de inglês e espanhol para português nas áreas de tecnologia, telecomunicações, segurança e marketing."
;
Samira Spolidorio;Educadora, tradutora, revisora e consultora. Tem experiência docente bem diversificada dentro do ensino de línguas, ensino de tradução e formação docente. Graduada em Letras, com especializações em língua portuguesa e em língua inglesa, mestra e doutoranda em Linguística Aplicada pela UNICAMP. Desde 2007, trabalha com revisão textual e, desde 2012, com tradução de textos de comunicação, marketing e publicidade e acadêmicos das áreas de Humanidades e Ciências Sociais. Desde 2015, faz tradução para localização de aplicativos, softwares e webpages e desde 2016 legenda vídeos corporativos e de entretenimento. Consultora linguística, educacional e de temas relacionados à diversidade e inclusão.
;
Shirlei Fernandes Correa;"Shirlei Fernandes Correa, Psicóloga, formada há 13 anos. Atuando com atendimentos clínicos, treinamentos motivacionais em empresas: palestras, workshops e oficinas, psicóloga assistencial em empresas, grupos de emagrecimento, saúde e bem estar.
Pós graduada em Terapia cognitiva comportamental; Especialista em ansiedade e depressão. Certificada na terapia “Pense magro”. Certificada como Coach de emagrecimento, saúde e bem estar, e Coach treinamento de micro e pequenas empresas.
Todas as vertentes de atuação em psicologia, com foco no desenvolvimento de pessoas, através da mudança de pensamentos, hábitos e comportamentos, respeitando e buscando o bem estar de cada indivíduo."
;
Silvio Picinini;Silvio Picinini trabalha como Machine Translation Language Specialist no eBay, na Califórnia, desde 2013. Com mais de 20 anos de experiência em Localização, Silvio trabalhou para uma empresa de tradução, em várias posições ligadas a terminologia, metodologias de medição de qualidade da tradução e MT (machine translation). Trabalhou também como tradutor in-house para a Oracle for vários anos. Silvio tem dois diplomas de engenharia, um de elétrica e outro de eletrônica/software, ambos da Universidade Estadual de Campinas (Unicamp). Silvio gosta de trocadilhos e de cachorros
;
Silvana Polchlopek ;"Apaixonada por tradução e pelos estudos da tradução. Já atuou como freelancer e trabalhou com clientes diretos e agências para o segmento do turismo e psicologia. Sonha em se especializar no segmento da aviação! Tem formação pela PGET (UFSC) e UFPR (Letras Inglês-Português). Professora associada da UTFPR, membro da Abrapt e participante do BRCamp. Tiete dos amigos tradutores! Pesquisa tradução jornalística, funcionalismo nordiano, tradução como representação cultural e reescrita; tradução e ensino de línguas, análise do discurso, linguística textual. Nas horas “vagas”: pinta, desenha, conta histórias, brinca e acha que cozinha. É mãe da linda Marina, melhor tradução da vida!

"
;
Simone Brito;"Nascida no Rio de Janeiro, carioca da gema. Analista de sistemas há 28 anos, especializada no Sistema de Gestão Integrada da SAP; Líder Técnica e Instrutora de Sistemas de TI em Processos Financeiros e Contábeis (R2R). Contadora, Pós-graduada em Auditoria e Gestão Tributária. Tradutora, Revisora e Legendadora, pós-graduada em Tradução de Espanhol e Graduanda em Licenciatura Espanhol; há cinco anos atuando com traduções e versões técnicas nas áreas de TI, financeira, educação e meio ambiente; tradução literária, legendas corporativas e revisões literárias e acadêmicas. Principal idioma de trabalho é o espanhol, embora o inglês esteja sempre presente. Professora de Tradução de Tecnologia no Curso QuijoTe. Apaixonada por viagens, idiomas, livros e tecnologia."
;
Simone Resende;Simone Vieira Resende é doutora em Linguística Aplicada e Estudo da Linguagem pela PUC São Paulo com pesquisa na área de Linguística de Corpus, Análise Multidimensional e Tradução. Possui mestrado em Linguística pela Universidade do Estado do Rio de Janeiro - UERJ (2011). É pós-graduada em Linguística Aplicada: Inglês como Língua Estrangeira pela Universidade do Estado do Rio de Janeiro (UERJ - 2008). É graduada em Letras Português e Literatura da Língua Portuguesa e Letras Português / Inglês pelo Centro Universitário Plínio Leite (2003). Tem experiência na área de Linguística, com ênfase em Linguística Aplicada ao Ensino de Língua Inglesa, Linguística de Corpus e Análise Multidimensional, atuando principalmente nos seguintes temas: Linguística de Corpus, Tradução, Tradução Técnica, Terminologia, Estudos do Léxico, Ensino-aprendizagem de língua estrangeira, Ensino-aprendizagem de tradução e análise multidimensional.
;
Sofia Pulici;Sofia Pulici é tradutora e linguista, com experiência em tradução há mais de uma década e vivência extensa na Austrália e internacionalmente. É certificada pela NAATI (traduções oficiais para a Austrália) do português ao inglês desde 2010, e traduz também nos pares inglês ao português, e espanhol e galego ao português e inglês. É especializada na área de viagens, turismo e hotelaria, traduzindo para grandes companhias aéreas e redes de hotel, e em documentos para a imigração australiana. Além da tradução, é estudiosa, praticante e professora de yoga e estudante de Ayurveda, tendo uma paixão pelo bem-estar consciente e o yoga da vida real, fora dos tapetinhos e aplicado às interações com o mundo.
;
Sónia Tavares;Sónia Tavares é uma profissional da tradução com mais de 20 anos de experiência. Especializada em tradução técnica, tem como idiomas de trabalho o inglês, o alemão, o espanhol e o português europeu, a sua língua materna. Licenciada em Línguas e Literaturas Modernas e Mestre em Linguística, pela Faculdade de Letras da Universidade do Porto, encontra-se atualmente em fase de conclusão de uma Pós-Graduação em Tradução, pela Universidade Autónoma de Lisboa. Em 2012, integrou a equipa de investigação do Centro de Linguística da Faculdade de Letras da Universidade do Porto durante dois anos. É mentora do PROZ e da APTRAD, desde 2015.
;
Stephan Hughes;Stephan Hughes é doutorando em Linguística Aplicada pela PUC-SP, mestre em Linguística pela UFRJ e especialista em Educação Cognitiva pela Estácio. Ministra disciplinas em cursos de pós-graduação de ensino e tradução de inglês e leciona inglês para Ensino Fundamental II e Ensino Médio em uma escola internacional no Rio de Janeiro.
;
Stella Tagnin;"Stella E. O. Tagnin é professora sênior do Departamento de Línguas Modernas da Universidade de São Paulo, Brasil. Embora aposentada, continua ativa na pós-graduação. Lecionou disciplinas de Tradução no Curso de Especialização em Tradução por mais de 25 anos. Introduziu a Linguística de Corpus na USP em 1998. Coordena o Projeto COMET - Corpus Multilíngue de Ensino e Tradução. É autora de O Jeito que a Gente Diz (2013); organizou, em co-autoria com Vander Viana: Corpora no Ensino de Línguas Estrangeiras e Corpora na Tradução e com Cleci Bevilaccqua Corpora na Terminologia.. Atualmente trabalha num dicionário bilingue inglês-português de colocações verbais."
;
Suelen Lopes;Especialista em Tradução em Língua Francesa pela UERJ (2019) e bacharel em Comunicação Social - Produção Editorial pela UFRJ (2011), tendo realizado intercâmbio acadêmico em Letras Modernas na Université Sorbonne Nouvelle (2010/2011). É editora do departamento jovem da Intrínseca, onde pôde trabalhar com ficção comercial, ficção literária e não ficção, e hoje atua na coordenação de produção e na edição de livros YA, middle grade, picture books, graphic novels e de ficção científica. Com 10 anos de experiência no mercado editorial, realiza também diversos trabalhos como freelancer para editoras de destaque, como Biblioteca Azul, Globo Livros, Arqueiro, Sextante, Nova Fronteira, Ediouro, Companhia das Letras, entre outras. Em 2017, foi a participante brasileira selecionada para o Programme Fellowship em Paris, promovido pelo Bureau International de l'Édition Française (BIEF), e interessa-se pela cultura e pela literatura de países francófonos.
;
Tatiana Sobral;Cuidar do planejamento estratégico financeiro significa para Tatiana possibilitar a muita gente sonhar alto e atingir resultados prósperos. Depois de trabalhar por 18 anos em grandes empresas multinacionais, decidiu, em 2014, fazer a diferença na história de micro e pequenas empresas familiares, além de atender profissionais autônomos.
;
Teresa Sousa;Teresa Sousa é uma tradutora portuguesa especializada em tradução criativa e de marketing digital. Com quase 20 anos de experiência no ramo, trabalha atualmente com várias marcas internacionais, criando ou traduzindo conteúdos eficazmente adaptados ao mercado e aos consumidores portugueses. O SEO é uma paixão desde que o seu próprio site apareceu na primeira página de resultados do Google. Em 2021, criou um curso online sobre Tradução e SEO e, desde então, tem falado sobre esse tópico em palestras e cursos para tradutores freelance e equipes internas de agências de tradução.
;
Thiago Hilger;Thiago Hilger é tradutor desde 2014 e atua principalmente na localização de jogos. Também já deu palestras em eventos como o congresso da Abrates e aulas de localização de jogos na interpret2b e de legendagem na PUC-PR. Atualmente também atua como professor de Game Design na Uninter.
;
Tony Rosado;Tony é um contratado independente em nível de conferência do Departamento de Estado dos EUA (classificação mais alta no governo dos EUA). Advogado, Intérprete Judicial credenciado pelo judiciário federal dos Estados Unidos e diversos Estados. Ele trabalhou internacionalmente como intérprete de conferência e interpretou para processos judiciais de alto nível, Jogos Olímpicos e transmissões de TV, incluindo debates presidenciais e convenções políticas. Ele trabalhou com muitos políticos de alto nível, celebridades, atletas e empresários. Autor de dois livros sobre interpretação judicial, ele é professor visitante em várias universidades nos EUA e no exterior, um conhecido apresentador de conferências e autor do popular blog “The Professional Interpreter”. Tony is a U.S. Department of State conference-level independent contractor (highest classification in U.S. government). Attorney at Law, a Court Interpreter certified by the U.S. federal judiciary, and several States. He has worked internationally as a conference interpreter, and interpreted for high profile court proceedings, Olympic Games, and TV broadcasts, including presidential debates and political conventions. He has worked with many top-level politicians, celebrities, athletes, and entrepreneurs. The author of two books on court interpreting, he is a visiting professor at various universities in the U.S. and overseas, a well-known conference presenter, and the author of the popular blog “The Professional Interpreter.”
;
Ulisses Carvalho;Ulisses é Intérprete de Conferência com 25 anos de experiência. Professor de tradução simultânea. CV completo em www.teclasap.com.br/cv
;
Val Ivonica;Meu nome é Ana Valéria Ivonica ou, como sou mais conhecida, Val Ivonica. Sou tradutora inglês-português há mais de quinze anos. Minha formação em Química Industrial naturalmente me levou em direção à tradução técnica, especialmente nas áreas química e farmacêutica. Também atuo em tradução editorial (ficção e não ficção) e localização de sites, jogos e apps. Adoro tecnologia e computadores desde sempre, portanto acabo traduzindo sobre isso também. Me converti ao “jeito Mac de viver” há mais de dez anos, sem abandonar completamente o Windows por causa das ferramentas tradutórias. Usei o Wordfast como principal ferramenta de trabalho durante muito tempo mas, por causa dos tipos de arquivo que começaram a chegar (ttx, xls, ppt, html, xml), há tempos trabalho principalmente com o memoQ. Me entusiasmo com as novidades e com o que gosto, por isso já disseram que sou uma “ardent messenger” do memoQ. Não deixa de ser verdade, mas não é proposital. Comecei a palestrar em congressos em 2010, peguei gosto e não parei mais. A lista completa (com os respectivos links) está na página do CV. Dou cursos de memoQ básico e avançado.
;
Valter Mendes Jr.;Valter Mendes Junior é tradutor profissional com treze anos de experiência em tradução técnica, especialmente nas áreas de Tecnologia da informática, jogos e engenharia, nos pares de idioma inglês-português, português-inglês e espanhol-português. É um dos organizadores do Encontro Mensal de Tradutores e Intérpretes de Porto Alegre e do BarCamp RS, já ministrou oficinas de tradução na Amérika das Letras sobre Tradução Técnica e Tradumática e, atualmente, também presta consultoria sobre tradução para tradutores iniciantes e experientes.
;
Vic Vieira Ramires ;Vic Vieira Ramires é tradutor literário, audiovisual e técnico no par inglês-português. Traduziu obras para grandes editoras como DarkSide, Globo Alt, Nacional, Plataforma21 e Galera Record. Desde 2022 tem colaborado com o estúdio UniDub, traduzindo filmes, séries, documentários e animações. Como autor de ficção especulativa, tem várias histórias publicadas desde 2009, com destaque para o livro de contos Metanfetaedro (Tarja Editorial, 2012) e a participação nas coletâneas Mundos Paralelos: Ficção Científica (Selo GloboClube, 2023) e Fractais tropicais: O melhor da Ficção Científica Brasileira (SESI-SP, 2018). Natural de Niterói (RJ), atualmente mora em São Paulo e também é artista visual.
;
Victoria Cabral;"Victoria Cabral é aluna do 5º período no curso de Bacharelado em Tradução da Universidade Federal da Paraíba. Foi bolsista no projeto de extensão ""Da Paraíba para o mundo: legendagem de curtas metragens paraibanos"" nos anos de 2019 e 2020."
;
Victor Almeida;Victor Almeida é editor, com foco em literatura de entretenimento. Mestre pelo Programa de Pós-Graduação em Mídias Criativas da Universidade Federal do Rio de Janeiro (PPGMC/UFRJ). Especialista em Publishing Management (FGV/2012). Graduado em Comunicação Social com habilitação em Produção Editorial (UFRJ/2010).
;
Victor Mühlethaler;Formado em Direção Teatral pela ECA/USP, Victor Mühlethaler transitou ao longo de sua carreira pelas funções de diretor, dramaturgo, compositor, letrista e ator. Em 2006, para o projeto final de sua graduação, adaptou para português e dirigiu o musical Sweeney Todd, de Stephen Sondheim.
;
Wania Grandesso;Wania Grandesso é bacharel em Letras pela Faculdade de Filosofia, Letras e Ciências Humanas (FFLCH) da Universidade de São Paulo. Buscando sempre possibilidades de expandir seus horizontes e ampliar seus conhecimentos de diferentes culturas, dedicou-se desde cedo ao aprendizado de novos idiomas. Além de inglês e espanhol, estudou também japonês, italiano, francês, grego e latim. A primeira oportunidade profissional como tradutora surgiu há 30 anos. Desde então vem atuando em grandes empresas de localização, com vasta experiência nas áreas de produção e de Vendor Management. Assumiu recentemente a função de Regional Vendor Manager - Américas e África na TransPerfect.
;
William Cassemiro;William Cassemiro é o criador da Translators101. Ex-diretor e ex-presidente da Associação Brasileira de Tradutores e Intérpretes, Abrates, de 2014 a 2018. Tradutor profissional de inglês para português, com Bacharelado em Letras pela Universidade de São Paulo.
;
William Cruz;William Campos da Cruz, mestre em Letras pela Universidade Presbiteriana Mackenzie, é tradutor, editor e professor de língua portuguesa. Autor do livro Tudo Converge para o Texto, mantém no Instagram o perfil @gramaticanavida, no qual fala de leitura, escrita, gramática e de tudo que se relaciona à linguagem humana.
;
Will Xavier;Will Xavier é Bacharel em Letras com Habilitação de Tradutor pela UNESP e tem especialização em tradução para dublagem e legendagem pela ESTRADA. Tradutor desde 2013, trabalha com os idiomas inglês e italiano. Atualmente é um dos coordenadores da Divisão de Tradução Audiovisual da Abrates. Entre seus principais projetos estão A Árvore Familiar dos Croods (Max), De Férias com o Ex: UK (Paramount+) e Quilos Mortais: Itália (Max). É apaixonado por games, cultura pop e programas dublados.
;
Ygor Blanco;"Tradutor audiovisual desde 2014. Traduziu materiais como ""BoJack Horseman"", ""Rick & Morty"", ""History of Swear Words"" e ""Final Space""."